분반,수업,교수,구분,학년,시간,학점
07023-01,기초파이낸스,허성준,전기,1,수11~13(K260),3
07014-01,IT파이낸스프로그래밍,김수원,전필1,2,토4~6(K260),3
07020-01,회계학의이해2,김미옥,전선1,1,토1~3(K260),3
05214-01,금융시장의이해,이재영,자교,전체,"화2~3(N308), 목3(N308)",3
00080-01,경영학원론,홍기석,전기,전체,"수1(V321), 금1~2(V321)",3
00080-02,경영학원론,성재열,전기,전체,"월7(V321), 수6~7(V321)",3
00080-03,경영학원론,장상필,전기,전체,"월9(V321), 금7~8(V321)",3
00241-01,마케팅,김용철,전필1,2,"화6(M411), 목5~6(M411)",3
00241-02,마케팅,차현주,전필1,2,월2~4(N409),3
00241-03,마케팅,"차현주, 김기찬",전필1,2,화2~4(N412),3
05966-01,생산경영,권은영,전필1,2,월2~4(N407),3
05966-02,생산경영,권은영,전필1,2,월5~7(N218),3
06122-01,인적자원관리,박오원,전필1,2,"월6(N110), 수4~5(N110)",3
06122-02,인적자원관리,기리쉬,전필1,2,"화1(N209), 목1~2(N209)",3
06122-03,인적자원관리,전학철,전필1,2,수1~3(N311),3
00798-01,재무관리,박영규,전필1,2,"화6(N212), 목5~6(N212)",3
00798-02,재무관리,김태연,전필1,2,"화4~5(V321), 목4(V321)",3
00798-03,재무관리,유전무,전필1,2,화2~4(N407),3
00036-01,경영과학,김희경,전선1,2,월2~4(N311),3
04443-01,경영전략론,김병조,전선1,3,"화9(N210), 목8~9(N210)",3
04443-02,경영전략론,전학철,전선1,3,수5~7(N312),3
04439-01,경영정보론,신우식,전선1,2,목2~4(K360),3
00078-01,경영통계,박영규,전선1,1,"화4~5(N318), 목4(N318)",3
05461-01,경영학캡스톤디자인,이재영,전선1,4,"화5(K256), 목5~6(K256)",3
06609-01,경영학현장실습Ⅰ,"이재영, 성재열, 장상필",전선1,4,,3
06610-01,경영학현장실습Ⅱ,"이재영, 성재열, 장상필",전선1,4,,3
06606-01,경영학현장실습Ⅲ,"이재영, 성재열, 장상필",전선1,4,,3
06607-01,경영학현장실습Ⅳ,"이재영, 성재열, 장상필",전선1,4,,3
06608-01,경영학현장실습Ⅴ,"이재영, 성재열, 장상필",전선1,4,,3
00146-01,국제경영론,홍기석,전선1,3,"수2~3(N110), 금3(N110)",3
00146-02,국제경영론,홍기석,전선1,3,"화7~8(N218), 목7(N218)",3
06365-01,국제경영전략,김병조,전선1,4,"화7~8(B351), 목7(B351)",3
06086-01,글로벌경영캡스톤디자인,성재열,전선1,3,"화9(K257), 목8~9(K257)",3
05911-01,글로벌스타트업사례연구,장상필,전선1,4,"수8~9(N112), 금9(N112)",3
05636-01,글로벌시대의전략적사고,이동현,전선1,2,"월7(B338), 수6~7(B338)",3
05636-02,글로벌시대의전략적사고,이동현,전선1,2,"월8~9(N411), 수8(N411)",3
04744-01,기업가정신과경영,이진,전선1,3,"화2~3(N112), 목3(N112)",3
05499-01,기업과사회,라준영,전선1,3,"월6(N311), 수4~5(N311)",3
00178-01,기업윤리,기리쉬,전선1,3,"화2~3(K356), 목3(K356)",3
06196-01,데이터과학을위한프로그래밍,이홍주,전선1,2,"월7(K239), 수6~7(K239)",3
05497-01,데이터베이스활용,김동연,전선1,3,"월4~5(K239), 금4(K239)",3
06195-01,디지털비즈니스,김동연,전선1,3,금5~7(N318),3
06197-01,비즈니스를위한데이터마이닝,이홍주,전선1,3,"월8~9(K239), 수8(K239)",3
06879-01,사회적기업가정신과사회혁신,라준영,전선1,3,"화2~3(M213), 목3(M213)",3
05847-01,서비스경영,김희경,전선1,3,월6~8(N312),3
04446-01,서비스마케팅,김용철,전선1,3,"화7~8(N406), 목7(N406)",3
06179-01,어드벤처디자인:BusinessAnalytics의이해,김동연,전선1,2,"월3(M307), 수8~9(M307)",3
00841-01,조사방법론,김기찬,전선1,4,"월2~4(K269), 금2~4(K269)",3
00846-01,조직행위론,박오원,전선1,2,"월8~9(N308), 수1(N308)",3
00846-02,조직행위론,기리쉬,전선1,2,"월1~2(D303), 수3(D303)",3
05640-01,파생금융상품,김태연,전선1,3,"화6(N407), 목5~6(N407)",3
05965-01,플랫폼비즈니스경영,"김기찬, 차현주",전선1,3,"월8~9(N110), 수1(N110)",3
05100-01,환경경영,라준영,전선1,3,"화4~5(N311), 목4(N311)",3
05887-01,기업의사회적책임과기업가정신,윤병조,자교,전체,금6~8(K262),3
00083-01,경제학개론,김지영,전기,전체,"화7~8(N212), 목7(N212)",3
00083-02,경제학개론,김명수,전기,전체,"월7(N210), 수6~7(N210)",3
00083-03,경제학개론,김숙영,전기,전체,화2~4(N212),3
06990-01,R활용경제통계연습,김지영,전선1,3,"월7(M406), 수6~7(M406)",3
02379-01,거시경제학,양준석,전선1,2,"화6(V321), 목5~6(V321)",3
02379-02,거시경제학,허인,전선1,2,"월3(N301), 수8~9(N301)",3
03749-01,거시경제학의이해,린위쑤안,전선1,2,"화1(N208), 목1~2(N208)",3
06625-01,게임이론과응용,장인기,전선1,4,"월4~5(K234), 금4(K234)",3
02381-01,경제수학,이종재,전선1,2,"월2~3(M213), 금3(M213)",3
05978-01,경제통계학,김명수,전선1,2,"수3~4(V321), 금3(V321)",3
05313-01,경제학캡스톤디자인,김지영,전선1,3,"화2~3(V212), 목3(V212)",3
06627-01,경제학현장실습Ⅰ,김지영,전선1,3,,3
06628-01,경제학현장실습Ⅱ,김지영,전선1,3,,3
06629-01,경제학현장실습Ⅲ,김지영,전선1,3,,3
06630-01,경제학현장실습Ⅳ,김지영,전선1,3,,3
06631-01,경제학현장실습Ⅴ,김지영,전선1,3,,3
04297-01,계량경제연습,허인,전선1,3,"화4~5(N211), 목5(N211)",3
02395-01,국제금융론,양준석,전선1,3,"월7(N411), 수6~7(N411)",3
02395-02,국제금융론,허인,전선1,3,"월6(K106), 수4~5(K106)",3
03258-01,금융공학론,이영제,전선1,4,목7~9(BA204),3
02385-01,기업경제학,이종재,전선1,3,"월1(N409), 금1~2(N409)",3
02385-02,기업경제학,이종재,전선1,3,"월9(N409), 금7~8(N409)",3
02390-01,노동경제학,이종재,전선1,4,"월8(N407), 금5~6(N407)",3
02394-01,다국적기업론,윤병조,전선1,4,금1~3(BA203),3
02378-02,미시경제학,이종재,전선1,2,"월4~5(V321), 금4(V321)",3
05981-01,산업.지역경제조사실습,김명수,전선1,4,"월4~5(N413), 금4(N413)",3
04296-01,시사경제,양준석,전선1,2,"화7~8(N321), 목7(N321)",3
06626-01,실험경제학,린위쑤안,전선1,3,"화2~3(K258), 목3(K258)",3
02380-01,재정학,장인기,전선1,2,"월2~3(K360), 금3(K360)",3
02380-02,재정학,이준태,전선1,2,화1~3(N312),3
03751-01,재정학세미나,이상호,전선1,4,수1~3(B352),3
02775-01,환경경제학,린위쑤안,전선1,3,"화6(K248), 목5~6(K248)",3
06316-01,서양건축이야기,임해원,중핵,전체,월2~4(N212),3
06453-01,온라인플랫폼을활용한셀프인테리어,정미렴,중핵,전체,화2~4(D341),3
05141-01,한국인의집과공간문화,차주환,중핵,전체,금2~4(N218),3
05994-01,행복한윤리적소비,홍연금,중핵,전체,목2~4(N312),3
05994-02,행복한윤리적소비,윤명애,중핵,전체,목7~9(N312),3
04591-01,소비자와주거문화,심인선,전기,전체,화7~9(D301),3
04591-02,소비자와주거문화,한유진,전기,전체,수2~4(N308),3
05702-01,가구디자인종합설계,정미렴,전선1,3,수2~5(D208),3
05702-02,가구디자인종합설계,박재규,전선1,3,수6~9(D208),3
06564-01,공간디자인·소비자학진로탐색,"김경자, 전남일, 정미렴, 김나연",전선1,1,수6(V111),1
06697-01,공간디자인소비자학현장실습Ⅰ,천경희,전선1,4,,3
06698-01,공간디자인소비자학현장실습Ⅱ,천경희,전선1,4,,3
06699-01,공간디자인소비자학현장실습Ⅲ,천경희,전선1,4,,3
06700-01,공간디자인소비자학현장실습Ⅳ,천경희,전선1,4,,3
06701-01,공간디자인소비자학현장실습Ⅴ,천경희,전선1,4,,3
06916-01,근현대공간디자인,전남일,전선1,3,"화3~4(N409), 목6(N409)",3
06696-01,디자인양식사,정미렴,전선1,2,"화7~8(B338), 목7(B338)",3
05223-01,디자인커뮤니케이션,양명식,전선1,2,월2~5(D341),3
05223-02,디자인커뮤니케이션,양명식,전선1,2,월6~9(D341),3
05223-03,디자인커뮤니케이션,김민영,전선1,2,수6~9(D341),3
05756-01,리빙디자인트렌드,전남일,전선1,4,월6~8(N219),3
06917-01,미디어소비자의이해,김경자,전선1,2,"월7~9(BA304), 수7~9(BA304)",3
06134-01,상품기획론,황진주,전선1,3,목2~4(NP112),3
05938-01,소비심리,김경자,전선1,2,"월5(N210), 수4~5(N210)",3
05948-01,소비자교육종합설계,홍연금,전선1,4,목7~9(K248),3
05511-01,소비자정성조사,천경희,전선1,2,"화7~8(K360), 목7(K360)",3
06222-01,소비자커뮤니케이션,천경희,전선1,4,"화4~5(D303), 목5(D303)",3
03563-01,소비자학실습,심인선,전선1,3,화2~5(D207),3
06221-01,소비자학캡스톤디자인,김경자,전선1,4,"화2~3(D229), 목3(D229)",3
06219-01,소셜빅데이터분석,황진주,전선1,3,목6~8(M401),3
02941-01,실내공간과색채,최은희,전선1,2,화2~5(D209),3
02941-02,실내공간과색채,이승희,전선1,2,수2~5(D209),3
02941-03,실내공간과색채,,전선1,2,월2~5(D209),3
05224-01,실내디자인프로젝트,김나연,전선1,3,화6~9(D208),3
05224-02,실내디자인프로젝트,이정은,전선1,3,금2~5(D208),3
05224-03,실내디자인프로젝트,김나연,전선1,3,목2~5(D208),3
05758-01,인간행태와공간,전남일,전선1,2,수2~5(D207),3
05758-02,인간행태와공간,전남일,전선1,2,목2~5(D207),3
05755-01,주거복지및주택정보상담,은난순,전선1,4,수7~9(K262),3
05054-01,"교과논술교육론(이학,공학)",박정진,전선1,3,"화6~7(K249), 목6(K249)",3
04709-01,교사의가치관과윤리,구본만,교직,3,월3~4(B338),2
04712-01,교육과정,양길석,교직,2,화2~3(D236),2
04712-02,교육과정,양길석,교직,2,목2~3(M211),2
00122-01,교육방법및교육공학,강숙희,교직,2,월7~8(M405),2
00122-02,교육방법및교육공학,강숙희,교직,2,수7~8(M212),2
04714-01,교육봉사활동,박정진,교직,3,월9(M406),2
04714-02,교육봉사활동,이상훈,교직,3,월2(N413),2
00127-01,교육학개론,강숙희,교직,1,"월5(D236), 수4~5(D236)",3
00127-02,교육학개론,성기선,교직,1,"월7(K269), 목6~7(K269)",3
00128-01,교육행정및교육경영,성기선,교직,3,월5~6(K244),2
00128-02,교육행정및교육경영,성기선,교직,3,목4~5(K243),2
04718-01,교직실무,박정진,교직,4,목8~9(M403),2
04782-01,특수교육학개론,김라경,교직,2,월3~4(D236),2
04782-02,특수교육학개론,김창배,교직,2,목2~3(M320),2
06021-01,학교폭력예방및학생의이해,조성현,교직,2,화9~10(N211),2
05699-01,학교현장실습1,박정진,교직,4,월8(K269),2
05698-01,학교현장실습2,박정진,교직,4,월8(),2
03451-01,평생교육방법론,김경이,평생교육,2,금5~7(M211),3
04499-01,한국의문화유산,고현아,자교,전체,"화9(N321), 목8~9(N321)",3
03094-01,한국의역사와전통문화2,배민재,자교,전체,수2~4(N321),3
05114-01,백범일지의민족운동서사,이경원,중핵,전체,"화4~5(N209), 목4(N209)",3
05983-01,영화로보는한국사,김창회,중핵,전체,목7~9(N209),3
05983-02,영화로보는한국사,장미애,중핵,전체,화7~9(N405),3
05983-03,영화로보는한국사,김은진,중핵,전체,목7~9(N405),3
03841-01,한국근현대사회의역사와문화,이경원,중핵,전체,"월4~5(N411), 금4(N411)",3
03841-02,한국근현대사회의역사와문화,김은진,중핵,전체,"화6(N411), 목5~6(N411)",3
03840-01,한국전통사회의역사와문화,강재구,중핵,전체,"월4~5(N405), 금4(N405)",3
03840-02,한국전통사회의역사와문화,김창회,중핵,전체,"화6(N210), 목5~6(N210)",3
03840-03,한국전통사회의역사와문화,강재구,중핵,전체,"화4~5(N405), 목4(N405)",3
04502-01,서양의역사와문화,기계형,전기,전체,화7~9(V204),3
05890-01,한국사학입문,이승민,전기,1,"월7(M302), 수6~7(M302)",3
05618-01,사료로보는한국사,허태구,전필1,2,"화7~8(M212), 목7(M212)",3
07034-01,국사학현장실습Ⅰ,,전선1,3,,3
07035-01,국사학현장실습Ⅱ,,전선1,3,,3
07036-01,국사학현장실습Ⅲ,,전선1,3,,3
07037-01,국사학현장실습Ⅳ,,전선1,3,,3
07038-01,국사학현장실습Ⅴ,,전선1,3,,3
05624-01,근현대한국사회의경제와생활,정연태,전선1,3,"목5~6(N119), 화6(N119)",3
06861-01,기록관리학의이해,,전선1,4,금2~4(N317),3
04349-01,동아시아고중세사,김성희,전선1,3,수2~4(M212),3
04350-01,동아시아근현대사,하주형,전선1,2,월8~10(N311),3
06090-01,동아시아역사분쟁,기경량,전선1,4,"금5~7(N408), 월4~6(N408)",3
02654-01,선사시대의인간과문화,기경량,전선1,3,"화4~5(N317), 목4(N317)",3
05616-01,한국근세사주제탐구,허태구,전선1,3,수2~4(N219),3
05300-01,한국역사문화콘텐츠종합설계,김재원,전선1,4,화7~9(K248),3
05611-01,한국의근대화와도시문화,정연태,전선1,4,"화2~3(N310), 목3(N310)",3
01082-01,한국중세사,이승민,전선1,2,"월6(M211), 수4~5(M211)",3
05620-01,한국중세사주제탐구,신안식,전선1,3,금2~4(M302),3
01092-01,한국현대사,류기현,전선1,2,금5~7(N219),3
02818-01,실용한자,이택동,자교,전체,"화9(N317), 목8~9(N317)",3
02652-01,영화의이해,장지선,자교,전체,수1~3(N212),3
02652-02,영화의이해,장지선,자교,전체,수8~10(N212),3
04508-01,한국어의이해,이명애,자교,전체,화7~9(N414),3
01204-01,한문2,이택동,자교,전체,"월9(V112), 금7~8(V112)",3
04510-01,문학과윤리,노태훈,중핵,전체,금7~9(M407),3
05559-01,문학과종교,홍기돈,중핵,전체,"화9(K106), 목8~9(K106)",3
06245-01,설화와애니매이션,강미선,중핵,전체,"월7(N208), 수6~7(N208)",3
03845-01,한국문학과대중문화,송성욱,중핵,전체,"화4~5(NP117), 목4(NP117)",3
03846-01,한국어와대중문화,최윤미,중핵,전체,목8~10(V321),3
00251-01,문학개론,이미영,전기,전체,금1~3(N213),3
04871-01,국어교과교재연구및지도법,소지영,전선1,3,수8~10(M401),3
06570-01,국어국문학현장실습Ⅰ,김지연,전선1,3,,3
06571-01,국어국문학현장실습Ⅱ,김지연,전선1,3,,3
06572-01,국어국문학현장실습Ⅲ,김지연,전선1,3,,3
06573-01,국어국문학현장실습Ⅳ,김지연,전선1,3,,3
06574-01,국어국문학현장실습Ⅴ,김지연,전선1,3,,3
03683-01,대중매체와한국어,이지양,전선1,4,"월8(M212), 금5~6(M212)",3
05704-01,문학치료,김지연,전선1,4,"화9(N408), 목8~9(N408)",3
06092-01,세계문화와창의적시읽기,김지연,전선1,2,"화6(N405), 목5~6(N405)",3
06105-01,외국어로서의한국어,정미진,전선1,3,목8~10(K260),3
06351-01,이야기와스토리텔링,송성욱,전선1,3,"월6(N411), 수4~5(N411)",3
06094-01,한국고전문학사,이택동,전선1,3,"화4~5(M411), 목4(M411)",3
06100-01,한국고전소설읽기,송성욱,전선1,2,"화7~8(N208), 목7(N208)",3
06095-01,한국어문법,이지양,전선1,2,"화2~3(N406), 목3(N406)",3
06112-01,한국어문장표현,배주채,전선1,3,"화6(M213), 목5~6(M213)",3
06096-01,한국어발음과표기,배주채,전선1,2,"월7(M211), 수6~7(M211)",3
05776-01,한국언어문학콘텐츠종합설계,"송성욱, 배주채",전선1,4,"수8~9(M410), 금9(M410)",3
06098-01,한국한문학읽기,이택동,전선1,2,"월4~5(N310), 금4(N310)",3
06093-01,한국현대문학사,홍기돈,전선1,3,"화7~8(M411), 목7(M411)",3
06111-01,한국현대비평읽기,홍기돈,전선1,2,"월3(M305), 수8~9(M305)",3
01399-01,한국현대소설론,노태훈,전선1,3,금2~4(M305),3
06103-01,한국현대시인탐구,김지연,전선1,3,"금5~6(M407), 월8(M407)",3
04345-01,해외인턴십3,김준석,자교,전체,,3
04346-01,해외인턴십4,김준석,자교,전체,,3
04347-01,해외인턴십5,김준석,자교,전체,,3
04343-01,해외인턴십1,김준석,전선1,전체,,3
04344-01,해외인턴십2,김준석,전선1,전체,,3
04655-01,국제관계학입문,김준석,전기,전체,"화7~8(N411), 목7(N411)",3
04656-01,국제통상학입문,"윤미경, 이동은",전기,전체,"화7~8(), 목8()",3
04165-01,지역연구입문,오승희,전기,전체,"월7(M301), 수6~7(M301)",3
04745-01,EU연구,베네딕트드도미닉,전선1,3,"월1(D236), 금1~2(D236)",3
05643-01,강대국국제정치와세계질서,김재철,전선1,3,"화6(K107), 목5~6(K107)",3
06884-01,경제발전론,윤미경,전선1,3,"화2~3(K243), 목3(K243)",3
04199-01,경제통합론,최영종,전선1,4,"화1(K106), 목1~2(K106)",3
05798-01,국제개발의실제캡스톤디자인,윤미경,전선1,3,"화6(K247), 목5~6(K247)",3
05716-01,국제관계와서양정치사상,김준석,전선1,2,금5~7(K260),3
04211-01,국제기구론,유기은,전선1,4,"월8~9(N406), 수8(N406)",3
04204-01,국제정치경제,최영종,전선1,2,"화4~5(K107), 목4(K107)",3
04831-01,국제통상이론2,윤미경,전선1,3,"월6(K234), 수4~5(K234)",3
04749-01,국제학영어연습2,김영희,전선1,2,화4~6(N113),3
05685-01,국제학캡스톤디자인,이동은,전선1,3,금5~7(K269),3
06620-01,국제학현장실습Ⅰ,윤미경,전선1,4,,3
06621-01,국제학현장실습Ⅱ,윤미경,전선1,4,,3
06622-01,국제학현장실습Ⅲ,윤미경,전선1,4,,3
06623-01,국제학현장실습Ⅳ,윤미경,전선1,4,,3
06624-01,국제학현장실습Ⅴ,윤미경,전선1,4,,3
06617-01,디지털통상의이해,이동은,전선1,3,"화4~5(K262), 목4(K262)",3
04176-01,미국역사의이해,베네딕트드도미닉,전선1,2,"월2~3(K342), 수1(K342)",3
04179-01,미국의외교정책,베네딕트드도미닉,전선1,3,"수2~3(K342), 금3(K342)",3
04833-01,세계정세분석,마상윤,전선1,2,"월8~9(K106), 수8(K106)",3
05848-01,세계화와민족주의,김재철,전선1,3,"화2~3(K106), 목3(K106)",3
06992-01,영사법무사례,한동만,전선1,3,목7~9(M406),3
06994-01,외교론,한동만,전선1,2,목4~6(N113),3
04172-01,외교사,마상윤,전선1,3,"월7(K107), 수6~7(K107)",3
04756-01,일본의정치와경제,최영종,전선1,3,"월2~3(K234), 금3(K234)",3
02006-01,중국경제연구,이동은,전선1,2,"월2~3(K107), 금3(K107)",3
04191-01,중국정치론,김재철,전선1,2,"월7(K106), 수6~7(K106)",3
06618-01,통상실무와법,최민규,전선1,3,금7~9(K360),3
04767-01,한국의외교,마상윤,전선1,2,"화1(K262), 목1~2(K262)",3
06566-71,핵심취업전략,,자교,4,,1
01673-71,인간학2,신의선,기교,1,월11~12(K107),2
06169-71,키스톤디자인ㆍ창의설계,방담이,기교,1,목11~12(K107),2
06788-71,Global Cultural Literacy,,중핵,전체,,3
06797-01,국제회계기준의이해,김미옥,전기,1,토4~6(K360),3
06799-01,글로벌인적자원의이해,이종원,전기,1,수11~13(K360),3
06816-01,글로벌마케팅의이해,이종원,전필1,1,토1~3(K360),3
06927-01,글로벌윤리경영,이종원,전필1,2,화11~13(K360),3
06934-01,비즈니스데이터관리,조휘형,전필1,2,토1~3(K338),3
06956-01,유통물류관리론,김문기,전선1,2,목11~13(K360),3
06938-01,재무관리의이해,,전선1,2,토4~6(K262),3
06768-01,글로벌가치창조경영,이종석,전선1,3,"화6(K242), 목5~6(K242)",3
06072-01,글로벌마케팅,이종석,전선1,3,월2~4(K242),3
05876-01,유럽문화이해와비즈니스전략,이철원,전선1,2,금2~4(K242),3
06829-01,CX마케팅이론과실제,조명광,전선1,전체,수6~8(),3
05830-01,국제교류사와문화콘텐츠,허태구,전선1,3,"월8~9(K249), 수8(K249)",3
05029-01,금융공학입문2,김기중,전선1,2,월2~4(),3
05331-01,재무위험관리캡스톤디자인,전인태,전선1,4,"월5(D510), 수4~5(D510)",3
05153-01,파생상품회계,,전선1,3,,3
02922-07,컴퓨터와프로그래밍2,김기택,전기,전체,"화7~8(M307), 목7~8(M307)",3
06771-03,선형대수,,전필1,1,월4~6(M213),3
06510-03,AI기초수학,장재연,전선1,1,"목4(B346), 화4~5(B346)",3
06850-01,데이터분석과시각화,,전선1,2,수2~5(B346),3
07049-01,예술기금과재원조성,김인설,전선1,2,금2~4(K258),3
07050-01,예술시장과온라인플랫폼,이진우,전선1,3,금5~7(K249),3
06349-01,복잡계네트워크로바라본세상,조항현,중핵,전체,"화6(D702), 목5~6(D702)",3
00751-01,일반물리학및실험2,강정수,전기,전체,"화1(D236), 화2~3(D637), 목2~3(D236)",3
00751-02,일반물리학및실험2,윤석원,전기,전체,"월8~9(D236), 금7(D236), 금8~9(D637)",3
00751-04,일반물리학및실험2,서병진,전기,전체,"목5~6(D637), 화5~6(D236), 목4(D236)",3
01190-01,물리학실험2,윤석원,전필1,2,목5~8(D602),2
01200-01,전자기학1,서병진,전필1,2,"화2~3(D234), 목3(D234)",3
01294-01,고급물리학실험2,서병진,전선1,4,"월8~9(K242), 화8~9(K242)",2
01302-01,물리학세미나2,서병진,전선1,4,금2~3(D602),2
01558-01,물리학특강2,윤석원,전선1,4,화4~5(D602),2
00501-01,수리물리학1,윤석원,전선1,2,"금4(D234), 월4~5(D234)",3
01286-01,양자역학2,장우제,전선1,3,금1~3(N414),3
01195-01,역학2,조항현,전선1,2,"월7(D234), 수6~7(D234)",3
01282-01,열및통계물리학1,장우제,전선1,3,금5~7(D234),3
01550-01,파동과빛,,전선1,3,,3
06285-01,미디어의발전과문화,윤정우,중핵,전체,"월2~3(N210), 금3(N210)",3
06285-02,미디어의발전과문화,윤정우,중핵,전체,"화2~3(N210), 목3(N210)",3
03957-01,미디어정보처리프로그래밍,,전기,전체,"화1~3(M307), 목2~3(M307)",3
03957-02,미디어정보처리프로그래밍,,전기,전체,"월4~5(M307), 수5~7(M307)",3
03957-03,미디어정보처리프로그래밍,,전기,전체,"월8~9(M307), 금7~9(M307)",3
03957-04,미디어정보처리프로그래밍,,전기,전체,"화1~3(M304), 목2~3(M304)",3
04486-01,3D애니메이션2,,전선1,3,월1~3(D411),3
06265-01,객체지향프로그래밍,채진석,전선1,2,"수2~3(B333), 금3(B333)",3
06268-01,기계학습응용,강호철,전선1,4,"월6(D540), 수4~5(D540)",3
05292-01,다큐멘터리기획개론,,전선1,2,금1~3(D411),3
05793-01,디지털미디어정보수학,이상국,전선1,2,"화4~5(N208), 목4(N208)",3
05793-02,디지털미디어정보수학,이상국,전선1,2,"화7~8(M211), 목7(M211)",3
06083-01,디지털스토리텔링캡스톤디자인,손소희,전선1,3,수1~3(K257),3
04865-01,디지털영상제작,,전선1,4,목5~7(D411),3
06085-01,문화브랜딩개발실습종합설계,윤정우,전선1,3,"화4~5(B352), 목4(B352)",3
04681-01,문화정책의이해,임학순,전선1,4,"화7(BA203), 목7~8(BA203)",3
06686-01,미디어기술콘텐츠현장실습Ⅰ,,전선1,3,,3
06687-01,미디어기술콘텐츠현장실습Ⅱ,,전선1,3,,3
06688-01,미디어기술콘텐츠현장실습Ⅲ,,전선1,3,,3
06689-01,미디어기술콘텐츠현장실습Ⅳ,,전선1,3,,3
06690-01,미디어기술콘텐츠현장실습Ⅴ,,전선1,3,,3
05291-01,미디어콘텐츠디자인2,윤정우,전선1,2,"월4~5(BA204), 금4(BA204)",3
05532-01,미디어콘텐츠캡스톤디자인2,서채환,전선1,3,"화9(D303), 목8~9(D303)",3
05532-02,미디어콘텐츠캡스톤디자인2,김경호,전선1,3,"화9(D236), 목8~9(D236)",3
04867-01,발상표현과스토리보드,서채환,전선1,2,"월7(D411), 수6~7(D411)",3
05835-01,스마트미디어웨어러블IoT융합종합설계,이상국,전선1,2,"월4~5(D702), 금4(D702)",3
05574-01,스마트미디어캡스톤디자인,채진석,전선1,4,"월7(B333), 수6~7(B333)",3
06178-01,스크린라이팅종합설계,이동은,전선1,4,"월6(K356), 수4~5(K356)",3
04479-01,영상콘텐츠창작실습,김경호,전선1,2,"화4~5(B333), 목4(B333)",3
04693-01,영상편집과특수효과2,구자은,전선1,3,수3~5(D411),3
04027-01,웹프로그래밍,채진석,전선1,3,"월4~5(B333), 금4(B333)",3
04695-01,윈도우즈프로그래밍,,전선1,2,목2~4(D540),3
06177-01,유튜브콘텐츠어드벤처디자인,이동은,전선1,2,금2~4(N209),3
03994-01,인터랙션디자인,이혜원,전선1,3,화1~3(D411),3
03994-02,인터랙션디자인,이혜원,전선1,3,화6~8(D411),3
05694-01,지적재산권의이해와실무,,전선1,3,수1~3(D301),3
03993-01,컴퓨터그래픽스,최명걸,전선1,3,"화6(D540), 목5~6(D540)",3
06685-01,컴퓨터그래픽스와딥러닝,최명걸,전선1,4,"화7~9(D540), 목7~9(D540)",3
06264-01,컴퓨터비전입문,강호철,전선1,3,"월7~9(D540), 수6~8(D540)",3
04866-01,콘텐츠산업의이해,임학순,전선1,4,"목9(BA203), 화8~9(BA203)",3
04015-01,확률과통계,김상곤,전선1,2,월6~8(D301),3
06317-01,BMCE개론,이은성,전기,1,"월2~3(NP117), 금3(NP117)",3
06398-01,3D프린팅및실험,정현도,전선1,2,"월6~7(B345), 수2~4(D706)",3
06400-01,BMCE물리화학,이은성,전선1,2,"목5~6(N311), 화6(N311)",3
06403-01,BMCE생화학,김한영,전선1,2,"수8(V111), 월8~9(V111)",3
06887-01,BMCE심화연구및종합설계2,"강민호, 정현도, 김한영, 윤진호",전선1,4,"금4~5(N113), 금7~10(N113)",3
06534-01,BMCE진로탐색,"이은성, 정현도, 김한영, 강민호, 윤진호",전선1,1,금6(V321),1
06404-01,BMCE파이선,정현도,전선1,4,"월8~9(M304), 수1(M304)",3
06890-01,BioMEMS및반도체공정,강민호,전선1,4,"월6(BA304), 수4~5(BA304)",3
06666-01,단위조작,윤진호,전선1,3,"금3(N211), 수2~3(N211)",3
06667-01,바이오칩및센서,강민호,전선1,3,"월3(N319), 수8~9(N319)",3
06407-01,생체재료학및실험,강민호,전선1,2,"목2~3(N218), 화1~3(D706)",3
06408-01,세포및분자생물학,김한영,전선1,3,"화7~8(B352), 목7(B352)",3
06670-01,열및물질전달,윤진호,전선1,3,"화2~3(N319), 목3(N319)",3
06409-01,화공양론및공정공학,윤진호,전선1,2,"목7(N407), 화7~8(N407)",3
03850-01,사회규범과이데올로기,정영석,자교,전체,수2~4(B338),3
02660-01,생활과법률,이재승,자교,전체,월7~9(K260),3
06088-01,생명윤리와법,신효성,중핵,전체,금7~9(N212),3
00288-01,법학개론,이세주,전기,전체,"월6(N209), 수4~5(N209)",3
02359-01,상법총론,조현진,전필1,2,금5~7(),3
02360-01,행정법총론,정영석,전필1,2,수6~8(N218),3
06260-01,개별기본권론,이세주,전선1,3,"화4~5(B351), 목4(B351)",3
06261-01,금융법,서인원,전선1,4,화6~8(BA304),3
02372-01,노동법,이홍민,전선1,3,"월2~3(M301), 금3(M301)",3
02355-01,물권법,이홍민,전선1,3,"수2~3(N318), 금2(N318)",3
05973-01,법사회학,김지원,전선1,2,수4~6(BA203),3
06522-01,법학과진로탐색,"이홍민, 이세주, 하민경",전선1,1,화7(N307),1
05678-01,법학캡스톤디자인,이세주,전선1,3,월8~10(N319),3
06761-01,법학현장실습Ⅰ,이홍민,전선1,3,,3
06762-01,법학현장실습Ⅱ,이홍민,전선1,3,,3
06763-01,법학현장실습Ⅲ,이홍민,전선1,3,,3
06764-01,법학현장실습Ⅳ,이홍민,전선1,3,,3
06765-01,법학현장실습Ⅴ,이홍민,전선1,3,,3
05719-01,사례민법입문,이홍민,전선1,1,"화9(N212), 목8~9(N212)",3
02762-01,영미법,송에스더,전선1,3,금5~7(M410),3
05649-01,인권법,신희석,전선1,4,월2~4(BA304),3
05646-01,지적재산권법,김건희,전선1,4,월5~7(M212),3
02362-01,채권총론,이홍민,전선1,2,"화2~3(N208), 목3(N208)",3
03861-01,통치구조론,김정민,전선1,2,"화7~8(N210), 목7(N210)",3
02356-01,형법각론,하민경,전선1,2,"화6(B338), 목5~6(B338)",3
02361-01,형사소송법,하민경,전선1,3,"월4~5(N301), 금4(N301)",3
06972-01,4차산업시대의마케팅,이종석,전선1,2,월7~9(K234),3
06494-01,인공지능(AI)시대의머신러닝,이동희,전선1,2,금5~7(M304),3
06077-01,데이터시각화,이종석,전선2,3,"화4~5(M306), 목4(M306)",3
00734-01,인간행동과사회환경,김인숙,전기,전체,"월8~9(N307), 수8(N307)",3
00734-02,인간행동과사회환경,이소원,전기,전체,수3~5(M414),3
02843-01,사회복지실천론,홍지영,전필1,2,목1~3(M305),3
02843-02,사회복지실천론,이소원,전필1,2,월3~5(N213),3
02852-01,노인복지론,박연진,전선1,3,금2~4(N312),3
06188-01,사회복지법제와실천,안승재,전선1,2,목2~4(N410),3
06188-02,사회복지법제와실천,안승재,전선1,2,목6~8(N413),3
06871-01,사회복지와인권,노연희,전선1,2,"화7~8(V112), 목7(V112)",3
02841-01,사회복지자료분석론,이종호,전선1,3,화1~3(K239),3
02850-01,사회복지정책론,김지선,전선1,3,수2~4(N213),3
02850-02,사회복지정책론,김지선,전선1,3,목5~7(BA304),3
05796-01,사회복지캡스톤디자인Ⅱ,김용석,전선1,3,"화7~8(V213), 목7(V213)",3
06515-01,사회복지학과진로탐색,"김인숙, 김용석, 이상균, 노연희, 이용표, 김찬우, 송치호",전선1,1,금2~3(M411),1
02849-01,사회복지현장실습1,이용표,전선1,3,"월7~8(N310), 수7(N310)",3
02849-02,사회복지현장실습1,박혜준,전선1,3,수7~9(N219),3
02842-01,아동복지론,이상균,전선1,2,"화4~5(N406), 목4(N406)",3
02862-01,여성복지론,김인숙,전선1,4,"화7~8(M305), 목7(M305)",3
02853-01,장애인복지론,이호선,전선1,3,수1~3(N407),3
06190-01,정신건강사회복지론,배진영,전선1,2,수2~4(N218),3
03324-01,프로그램개발과평가,노연희,전선1,4,"화4~5(BA202), 목4(BA202)",3
06191-01,학교사회복지론,구혜완,전선1,3,월2~4(N321),3
03543-01,한국사회복지론,송치호,전선1,4,"월6(K269), 수4~5(K269)",3
00300-01,북한사회의이해,배성인,자교,전체,수2~4(V111),3
06253-01,대학생노동과인권,양현,중핵,전체,목6~8(K262),3
06253-02,대학생노동과인권,이태현,중핵,전체,화2~4(N218),3
03848-01,현대사회의성과문화,최문희,중핵,전체,목2~4(N407),3
03848-02,현대사회의성과문화,,중핵,전체,화5~7(K234),3
06766-01,현대한국사회의문화읽기,김성윤,중핵,전체,월2~4(V111),3
00418-01,사회학개론,신희주,전기,전체,"월7(N211), 수6~7(N211)",3
00412-01,사회조사방법,이영희,전필1,2,"화6(BA202), 목5~6(BA202)",3
03022-01,대중문화론,정진원,전선1,4,화2~4(K269),3
00242-01,매스컴과사회,정진원,전선1,4,목2~4(M401),3
05701-01,사회갈등연구,정규식,전선1,2,월2~4(K260),3
04827-01,사회교재연구및지도법,정혜온,전선1,3,목8~10(M405),3
02131-01,사회통계,신희주,전선1,2,"화2~3(K237), 목3(K237)",3
02870-01,사회학특강2,김종진,전선1,4,금2~4(N321),3
03023-01,영상사회론,나두경,전선1,2,수2~4(N112),3
05845-01,인구와사회,신희주,전선1,4,"화7~8(BA202), 목7(BA202)",3
00830-01,정치사회학,이영희,전선1,3,"월7(N413), 수6~7(N413)",3
06194-01,현대사회의평화와인권,정영신,전선1,3,"월5~6(K250), 수5(K250)",3
01143-01,현대사회학이론,정영신,전선1,3,"화7~8(K250), 목7(K250)",3
01165-01,환경사회학,이영희,전선1,3,"화4~5(V204), 목4(V204)",3
06833-01,ESG와공공서비스혁신,임현선,전선1,3,"월3(K243), 수8~9(K243)",3
06831-01,ESG와새로운기업가정신,김승균,전선1,4,"수2~3(M401), 금3(M401)",3
06292-01,사회문제분석과솔루션탐색,임현선,전선1,2,"월6(N413), 수4~5(N413)",3
06834-01,서비스디자인과공감혁신:캡스톤디자인,김혜령,전선1,3,"화4~5(N414), 목4(N414)",3
06561-01,캡스톤디자인:소셜비즈니스컨설팅,김승균,전선1,4,금6~8(K356),3
03625-01,생명공학개론,황혜진,전기,전체,"화2~3(N405), 목3(N405)",3
06380-01,유전공학,김필,전필1,3,"월4~5(N110), 금4(N110)",3
06375-01,BT기초실험2,야마오카야스요,전선1,2,금6~9(D706),2
06376-01,BT응용실험2,주정찬,전선1,3,수6~9(D706),2
06131-01,면역학,야마오카야스요,전선1,4,"화7~8(K107), 목7(K107)",3
06383-01,미생물생리학,김필,전선1,2,"월6(N409), 수4~5(N409)",3
06378-01,바이오품질관리론,유영선,전선1,4,"월8~9(BA204), 수8(BA204)",3
06385-01,병원체및항생물질,정정민,전선1,3,"화4~5(N210), 목4(N210)",3
04676-01,분자생물공학I,야마오카야스요,전선1,2,"월4~5(NP105), 금4(NP105)",3
06532-01,생명공학과진로탐색,"주정찬, 김필, 유영선, 정정민, 야마오카야스요, 강남주",전선1,1,금5(D301),1
05320-01,생명공학캡스톤디자인,유영선,전선1,4,"수1~2(N413), 금1~3(N413)",3
05268-01,생명공학특론:특허&GMP,유영선,전선1,4,금7~9(BA204),3
06643-01,생명공학현장실습Ⅰ,유영선,전선1,4,,3
06644-01,생명공학현장실습Ⅱ,유영선,전선1,4,,3
06645-01,생명공학현장실습Ⅲ,유영선,전선1,4,,3
06646-01,생명공학현장실습Ⅳ,유영선,전선1,4,,3
06647-01,생명공학현장실습Ⅴ,유영선,전선1,4,,3
04304-01,생물공정공학,주정찬,전선1,3,"월2~3(D301), 금3(D301)",3
03651-01,생물소재응용공학,주정찬,전선1,4,"월6(K107), 수4~5(K107)",3
05269-01,생물식품위생및보건학,강남주,전선1,4,"화6(BA204), 목5~6(BA204)",3
06379-01,생화학2,정정민,전선1,2,"화6(N406), 목5~6(N406)",3
06382-01,심화연구실습2,"주정찬, 김필, 유영선, 정정민, 야마오카야스요, 강남주",전선1,4,"화10~12(D706), 목10~12(D706)",3
06885-01,인체생리학,강남주,전선1,2,"월7(V112), 수6~7(V112)",3
04674-01,효소학,정정민,전선1,3,"월8(N213), 금5~6(N213)",3
06802-01,기초원가회계,김미옥,전기,1,수11~13(K234),3
06803-01,재무회계의이해,허성준,전기,1,토1~3(K234),3
07007-01,부가가치세법개론,김수성,전필1,2,토1~3(K257),3
07011-01,중급재무회계2,허성준,전필1,2,화11~13(K234),3
06817-01,경영학의이해,이종원,전선1,1,토4~6(K234),3
07008-01,소득세법개론,,전선1,2,,3
07013-01,중급재무회계실무2,허성준,전선1,2,목11~13(K234),3
00758-01,일반수학2및연습,박호,전기,1,"화1~3(V204), 목2~3(V204)",3
00758-02,일반수학2및연습,계정연,전기,1,"월6~7(V204), 수5~7(V204)",3
00758-03,일반수학2및연습,오형석,전기,1,"월1~3(V204), 수2~3(V204)",3
00758-04,일반수학2및연습,송원희,전기,1,"화1~3(N219), 목2~3(N219)",3
00758-05,일반수학2및연습,안일주,전기,1,"화1~3(D702), 목1~2(D702)",3
00758-06,일반수학2및연습,연미정,전기,1,"월1~3(N317), 수1~2(N317)",3
00758-07,일반수학2및연습,장혜영,전기,1,"월8~9(N317), 금7~9(N317)",3
00758-08,일반수학2및연습,박철웅,전기,1,"화1~3(N317), 목2~3(N317)",3
00758-09,일반수학2및연습,전경숙,전기,1,"월6~7(N317), 수5~7(N317)",3
00461-01,선형대수학2및연습,권성화,전필1,2,"화2~3(N311), 목2~3(N311)",3
04846-01,해석학개론2,김성훈,전필1,2,"화5~6(N213), 목5~6(N213)",3
05726-01,계산수학2및연습,이병준,전선1,4,"월3~4(K262), 수3~4(K262)",3
03558-01,금융수학2및연습,전인태,전선1,3,"화5~6(K250), 목5~6(K250)",3
00187-01,기초통계학2및연습,권성화,전선1,2,"월6~7(M306), 수6~7(M306)",3
04844-01,다변수해석학및연습,고동남,전선1,3,"월6~7(N119), 수6~7(N119)",3
06374-01,데이터과학을위한고급수학및실습,이병준,전선1,2,"화7~8(M306), 목7~8(M306)",3
06180-01,딥러닝의이론및실습,이병준,전선1,3,"화3~4(D510), 목3~4(D510)",3
03263-01,수리통계학및연습,최이선,전선1,3,"화1~2(K244), 목1~2(K244)",3
01259-01,수학사,김성훈,전선1,4,"화7~8(N310), 목7(N310)",3
05722-01,수학프로그래밍및실습,권성화,전선1,2,"월2~3(D510), 수2~3(D510)",3
04847-01,위험관리론및실습,전인태,전선1,4,"월6~7(K242), 수6(K242)",3
05790-01,응용편미분방정식,김성훈,전선1,3,"화2~3(N309), 목2(N309)",3
00825-01,정수론및연습,박호,전선1,2,"월8~9(K360), 수8~9(K360)",3
05854-01,현대대수학2,권성화,전선1,3,"화7~8(D234), 목7~8(D234)",3
06145-01,스타트업과앙트레프레너십,장상필,전필1,2,"화7~8(N408), 목7(N408)",3
06239-01,스타트업캡스톤디자인,장상필,전필1,3,"화9(N406), 목8~9(N406)",3
06757-01,디자인씽킹과스타트업:캡스톤디자인,김혜령,전선1,3,"화2~3(BA204), 목3(BA204)",3
05802-01,벤처창업론,성상용,전선1,3,화6~8(K256),3
06237-01,스타트업마케팅,채지희,전선1,3,"수1(N408), 금1~2(N408)",3
06073-01,스타트업어드벤처디자인,성재열,전선1,2,"월8~9(K250), 수8(K250)",3
06236-01,스타트업파이낸싱,이재영,전선1,3,"화9(K250), 목8~9(K250)",3
06146-01,창업현장실습Ⅰ,성재열,전선1,2,,3
06147-01,창업현장실습Ⅱ,성재열,전선1,2,,3
02649-01,건강과식생활,김혜경,자교,전체,"화6(V111), 목5~6(V111)",3
04705-01,음식윤리,최은정,중핵,전체,금5~7(N307),3
02206-01,식품영양의이론과실제,이미혜,전기,전체,월3~5(NP112),3
06230-01,고급영양학,김혜경,전선1,3,"목9(K360), 화2~3(K360)",3
03033-01,급식경영학,신중원,전선1,3,"화4~5(D301), 목4(D301)",3
06228-01,생화학및실험,김혜경,전선1,2,"월4~5(M401), 금4~6(M401)",3
03916-01,식사요법및실습,김희준,전선1,4,목5~8(K234),3
06438-01,식품미생물학및실험,,전선1,3,수5~9(D301),3
06530-01,식품영양학과진로탐색,"김혜경, 신중원, 김미란",전선1,1,월6~7(BA202),1
01616-01,식품재료학,,전선1,2,금1~3(N405),3
04604-01,실험조리및식품평가,김미란,전선1,2,"화4~5(K356), 목4~5(K356)",3
04597-01,영양사현장실습,김혜경,전선1,4,,2
03920-01,영양판정및실습,손우정,전선1,2,화6~9(V313),3
04607-01,외국음식연구및실습,곽지원,전선1,3,월6~9(V212),3
06437-01,외식마케팅,신중원,전선1,4,"월2~3(V213), 수3(V213)",3
05765-01,남성과여성의심리학,양재원,자교,전체,"화9(N301), 목8~9(N301)",3
06348-01,긍정의과학,이호준,중핵,전체,금2~4(N212),3
06389-01,뇌와인지,신경순,중핵,전체,수1~3(N301),3
06255-01,인간성장의심리학,심예은,중핵,전체,목7~9(N110),3
00561-01,심리학개론,정윤재,전기,전체,"월7(N301), 수6~7(N301)",3
03894-01,가족상담,박부금,전선1,4,화4~6(NP112),3
04650-01,긍정심리학,이호준,전선1,4,목1~3(N212),3
06256-01,놀이치료실습및슈퍼비전,배민정,전선1,4,화1~3(M212),3
01492-01,동기와정서,김수안,전선1,2,금2~4(B338),3
06257-01,발달진단및심리평가,최은실,전선1,3,"화6(K360), 목5~6(K360)",3
06258-01,사회정서발달,김성주,전선1,4,수8~10(K234),3
00424-01,산업심리학,정지희,전선1,2,월5~7(BA203),3
04530-01,상담사례연구,기화,전선1,4,금6~8(BA203),3
05237-01,성장심리학,차아름,전선1,2,수1~3(N405),3
06516-01,심리학과진로탐색,"남종호, 박기환, 정윤경, 정승철, 최은실, 양재원, 김보영",전선1,1,화4(N213),1
05058-01,심리학실험,남종호,전선1,4,"화7~8(V206), 목7(V206)",3
00570-01,심리학특강,김희정,전선1,4,금6~8(V204),3
07039-01,심리학현장실습Ⅰ,정승철,전선1,4,,3
07040-01,심리학현장실습Ⅱ,정승철,전선1,4,,3
07041-01,심리학현장실습Ⅲ,정승철,전선1,4,,3
07042-01,심리학현장실습Ⅳ,정승철,전선1,4,,3
07043-01,심리학현장실습Ⅴ,정승철,전선1,4,,3
00702-01,이상심리학,양재원,전선1,3,"월8~9(N208), 수1(N208)",3
00744-01,인지심리학,남종호,전선1,3,"화2~3(N301), 목3(N301)",3
00744-02,인지심리학,민수정,전선1,3,금2~4(V111),3
06875-01,임상적면접및사례관리현장실습2,양경은,전선1,3,목2~4(K269),3
03301-01,임상현장실습및지도2,박기환,전선1,4,"월7(K249), 수6~7(K249)",3
00826-01,정신분석입문,이수림,전선1,2,"화6(D234), 목5~6(D234)",3
00826-02,정신분석입문,김범선,전선1,2,화2~4(N411),3
05598-01,조직개발및실습,최은미,전선1,4,금1~3(V206),3
01491-01,조직심리학,정지희,전선1,3,월1~3(N312),3
01491-02,조직심리학,최은미,전선1,3,금5~7(NP117),3
05599-01,지역사회상담사례실습및지도,박부금,전선1,4,목4~6(N408),3
05634-01,직업심리검사및실습,정승철,전선1,3,"월6(V112), 수4~5(V112)",3
05713-01,집단상담및실습,양혁,전선1,3,수1~3(N309),3
00943-01,청년심리학,정미영,전선1,2,목2~4(N110),3
07044-01,캡스톤디자인:디지털시대아동발달지원프로젝트,정윤경,전선1,4,"월6(K246), 수4~5(K246)",3
07045-01,캡스톤디자인:상담심리데이터분석프로젝트,김보영,전선1,3,"월7(K248), 수6~7(K248)",3
04529-01,학교상담,유금란,전선1,3,"화7~8(D303), 목7(D303)",3
00989-01,학습심리학,정윤재,전선1,2,월8~10(NP117),3
04784-01,결혼과가족,윤연정,자교,전체,수7~9(BA203),3
05517-01,아동·청소년과환경,"문혁준, 최윤희",자교,전체,화2~4(N110),3
04595-01,아동학개론,이경례,전기,전체,"월7(N212), 수6~7(N212)",3
04595-02,아동학개론,장윤희,전기,전체,"금1~2(N210), 수1(N210)",3
06226-01,가족상담,,전선1,4,수6~8(V213),3
06227-01,놀이치료,조영미,전선1,3,금2~4(N119),3
05660-01,보육교사론,김교령,전선1,2,"월7(N407), 수6~7(N407)",3
02610-01,부모교육,박소영,전선1,4,목2~4(NP209),3
04100-01,아동관찰및행동연구,"문혁준, 장윤희",전선1,3,"목5~6(N321), 화6(N321)",3
05569-01,아동교육캡스톤디자인,"문혁준, 최윤희",전선1,3,"화7~8(K342), 목7(K342)",3
06009-01,아동권리와복지,강신영,전선1,2,수2~4(N406),3
03272-01,아동미술,강혜경,전선1,2,월2~4(N406),3
06529-01,아동학과진로탐색,문혁준,전선1,2,화5(K247),1
06010-01,어린이집운영관리,이윤희,전선1,4,월5~7(V111),3
04101-01,영유아교수방법,이윤희,전선1,3,월2~4(N309),3
06011-01,영유아사회정서지도,신유림,전선1,3,"목3(BA304), 화2~3(BA304)",3
04895-01,유아교과교재연구및지도법,,전선1,3,금8~10(M401),3
02590-01,유아교육과정,박소영,전선1,2,목6~8(N307),3
04105-01,정신건강,신유림,전선1,4,"목5~6(V213), 화6(V213)",3
03273-01,청소년발달,김희정,전선1,4,수2~4(BA202),3
06782-01,약품기초화학2,김중한,전기,1,"화6(NP117), 목6~7(NP117)",3
05348-01,무기방사성의약품학,"신계정, 서재홍",전필1,4,수6(NP110),1
06716-01,미적분학,고동남,전필1,1,"화7~8(NP117), 목8(NP117)",3
05490-01,병원실무실습1,임성실,전필1,5,,4
05489-01,병원실무실습2,임성실,전필1,5,,4
05367-01,병태생리학,최진성,전필1,3,"수2(NP106), 금2~3(NP106)",3
04967-01,사회약학,박선경,전필1,5,"목1~3(NP111), 화1~3(NP111)",3
06720-01,생물/임상통계학,,전필1,1,금5~6(NP112),2
05377-01,생물약제학,강희은,전필1,4,"월6~7(NP110), 수7(NP110)",3
04970-01,생약학1,윤기동,전필1,3,"수6~7(NP106), 화1(NP106)",3
04982-01,약물치료학4,임성실,전필1,5,"월5~7(NP111), 수5~7(NP111)",2
04983-01,약물치료학5,임성실,전필1,5,"화5~7(NP111), 목5~7(NP111)",2
04984-01,약물치료학6,,전필1,5,"수1~3(NP111), 금1~3(NP111)",2
04987-01,약물학2,곽미경,전필1,4,"화5~6(NP110), 목2(NP110)",3
05353-01,약물학3,,전필1,4,금1~3(NP110),3
06724-01,약사윤리,,전필1,1,수8(NP117),1
04994-01,약품면역학,허태회,전필1,3,"월7~8(NP106), 목7(NP106)",3
04995-01,약품물리화학1,"강희은, 강한창",전필1,3,"월2~3(NP105), 수3(NP105)",3
05001-01,약품분석학2,이혜숙,전필1,3,"화7(NP105), 목7~8(NP105)",3
05001-02,약품분석학2,이혜숙,전필1,3,"월5~6(NP106), 목3(NP106)",3
05004-01,약품생화학2,조용연,전필1,3,"수2(NP105), 금2~3(NP105)",3
05004-02,약품생화학2,조용연,전필1,3,"화2~3(NP106), 목2(NP106)",3
05354-01,약품제조화학2,서재홍,전필1,4,금6~7(NP110),2
05369-01,약학실습2,"신계정, 윤기동, 서재홍",전필1,3,화5~10(NP106),1
05378-01,약학실습4,"오의철, 강희은, 강한창",전필1,4,목5~10(NP110),1
05383-01,약학연구심화실습,"강한창, 허태회",전필1,6,,3
05383-02,약학연구심화실습,"곽미경, 이주영",전필1,6,,3
05383-03,약학연구심화실습,"신계정, 서재홍",전필1,6,,3
05383-04,약학연구심화실습,"이혜숙, 윤기동",전필1,6,,3
05383-05,약학연구심화실습,"최진성, 조용연",전필1,6,,3
06733-01,약화학2,서재홍,전필1,2,"월7~8(NP105), 수7(NP105)",3
05012-01,예방약학2,이주영,전필1,4,"월3(NP110), 수2~3(NP110)",3
05355-01,의약화학2,신계정,전필1,4,수8~9(NP110),2
05373-01,전문약사심화실무실습,"최진성, 조용연",전필1,6,,5
05357-01,제제학2,오의철,전필1,4,화2~3(NP110),2
06751-01,해부생리학2,최진성,전필1,2,"목2(NP105), 화2~3(NP105)",3
06439-01,근거중심약학,,전선1,6,화2~3(NP112),2
06949-01,기초세포생물학,조용연,전선1,2,화8~9(NP105),2
05347-01,나노약과학,강한창,전선1,5,월8~9(NP112),2
05362-01,법화학,이혜숙,전선1,3,월9~10(NP106),2
05368-01,분자유전학,조용연,전선1,3,목9~10(NP106),2
06014-01,소아노인약학,임성실,전선1,6,목6~7(NP112),2
05521-01,의약품제조공학및관리학,오의철,전선1,6,수6~7(NP112),2
06743-01,임상연구개론,임성실,전선1,2,수8~9(NP105),2
06290-01,인류와환경,문용희,중핵,전체,"월6(N213), 수5~6(N213)",3
06392-01,에너지공학개론,,전기,1,"화7~8(N213), 목7(N213)",3
06808-01,대기오염방지및실습,윤종상,전선1,3,"화2~3(D708), 목3(B351)",2
06394-01,대기오염제어공학,윤종상,전선1,3,"수2~3(N310), 금3(N310)",3
06133-01,수질환경공학,박성준,전선1,2,수7~9(V212),3
06657-01,수치해석,전경숙,전선1,4,"월2~3(M304), 수3(M304)",3
06649-01,에너지수지및열역학,,전선1,3,"월6(N309), 수4~5(N309)",3
06810-01,에너지자원순환공학,이강훈,전선1,3,"월4~5(BA202), 금4(BA202)",3
06533-01,에너지환경공학과진로탐색,"윤종상, 이강훈",전선1,1,목9(B351),1
06659-01,에너지환경공학현장실습Ⅰ,윤종상,전선1,3,,3
06658-01,에너지환경공학현장실습Ⅱ,윤종상,전선1,3,,3
06662-01,에너지환경공학현장실습Ⅲ,윤종상,전선1,3,,3
06660-01,에너지환경공학현장실습Ⅳ,윤종상,전선1,3,,3
06661-01,에너지환경공학현장실습Ⅴ,윤종상,전선1,3,,3
07006-01,에너지환경이슈연구Ⅱ,"윤종상, 이강훈",전선1,4,"수1(N415), 금1~2(N415)",3
06655-01,유체역학및실습,김유진,전선1,2,"월8~9(N218), 금7~8(D708)",3
06651-01,전통에너지공학,,전선1,2,"화4~5(NP105), 목4(NP105)",3
06652-01,환경단위조작,이은영,전선1,2,월1~3(N414),3
05282-01,환경미생물학및실험,이강훈,전선1,2,"화7~9(V111), 목7~8(D708)",3
04862-01,환경반응공학,정성운,전선1,3,목6~8(N415),3
06335-01,환경빅데이터분석,김유진,전선1,4,"월6~7(M307), 금6(M307)",3
03597-01,환경생태학,,전선1,2,화1~3(N410),3
03623-01,환경영향평가,,전선1,4,화6~8(N415),3
05192-01,영문학의이해,박주현,전기,전체,"화2~3(K262), 목3(K262)",3
02968-01,영미문화의이해,심영숙,전기,전체,"월7(K257), 수6~7(K257)",3
02968-02,영미문화의이해,김은주,전기,전체,"월4~5(K257), 금4(K257)",3
06575-01,AI와영어,김지윤,전선1,전체,"화8(K246), 목7~8(K246)",3
05742-01,고급영어읽기,김혜영,전선1,4,"화4~5(K246), 목4(K246)",3
03774-01,문화간실무영어,,전선1,3,,3
05191-01,미국문학의이해,김지은,전선1,3,"월7(K258), 수6~7(K258)",3
06576-01,미디어컨텐츠청해연습,김혜영,전선1,3,"화6(K237), 목5~6(K237)",3
06577-01,스타트업영어발표,김지윤,전선1,3,"화6~7(K246), 목6(K246)",3
06866-01,스토리텔링의이해,박주현,전선1,2,"월6(BA204), 수4~5(BA204)",3
03709-01,실용영문법2,이창봉,전선1,2,"화6~7(K356), 목6(K356)",3
03709-02,실용영문법2,김은주,전선1,2,"월2~3(K106), 금3(K106)",3
06584-01,아동영어교육,심영숙,전선1,2,"월5(K249), 목7~8(K249)",3
05749-01,연극적상상력과시대정신,장은주,전선1,4,"화4~5(K258), 목4(K258)",3
00603-01,영문학개관2,박주식,전선1,2,금2~4(K262),3
04389-01,영미문화의배경:신화와성경,에릭탐슨,전선1,2,"월6(K256), 수6~7(K256)",3
04816-01,영어교재연구및지도법,심영숙,전선1,3,"월8~9(K356), 수8(K356)",3
05196-01,영어구문의분석과활용,,전선1,4,,3
04648-01,영어권국가의소수민족문화,이벳트 머독,전선1,4,월2~4(K246),3
04377-01,영어로읽는세계문학,김지은,전선1,3,"월8~9(K262), 수2(K262)",3
06583-01,영어마케팅전략캡스톤디자인,김지윤,전선1,3,금5~7(K250),3
05193-01,영어발음이론과훈련,김지윤,전선1,2,"수8~9(K107), 금9(K107)",3
06578-01,영어영문학현장실습Ⅰ,김지윤,전선1,4,,3
06579-01,영어영문학현장실습Ⅱ,김지윤,전선1,4,,3
06580-01,영어영문학현장실습Ⅲ,김지윤,전선1,4,,3
06581-01,영어영문학현장실습Ⅳ,김지윤,전선1,4,,3
06582-01,영어영문학현장실습Ⅴ,김지윤,전선1,4,,3
06114-01,영어의이해:듣기와말하기,에릭탐슨,전선1,2,"화2~3(V213), 목3(V213)",3
06115-01,영어의이해:읽기와쓰기,에릭탐슨,전선1,2,"화6(N320), 목5~6(N320)",3
05740-01,영어학의이해2:의미와화용,이창봉,전선1,3,"화3~4(K342), 목4(K342)",3
04411-01,영화를통한영미문화의이해,김혜영,전선1,3,금4~6(K106),3
06185-01,은유를통한고급영어습득,이창봉,전선1,3,"월6~7(K262), 수5(K262)",3
01147-01,현대영미희곡,장은주,전선1,3,"화2~3(N408), 목3(N408)",3
06973-01,4차산업혁명으로진화하는물류산업,,전선1,2,,3
06974-01,ESG컨설팅캡스톤디자인,임현선,전선1,4,금6~8(K247),3
07026-01,디지털전환과스마트플랫폼이론·실습,이종석,전선1,2,"화2~3(K246), 목2~3(K246)",3
06981-01,메타버스비즈니스기획론,신승호,전선1,2,화3~5(K244),3
06982-01,메타버스실무전략,김천광,전선1,2,금2~4(N307),3
06983-01,문화도시프로젝트세미나,임학순,전선1,3,수7~9(N320),3
06984-01,비주얼머천다이징(VMD),김나연,전선1,4,목7~9(D208),3
06985-01,스마트유통물류의SCM실무,안성진,전선1,2,금2~4(K356),3
06986-01,스마트유통물류의이해,박남,전선1,2,월3~5(K237),3
07029-01,웹소설의이해와분석,,전선1,전체,금1~3(),3
07030-01,웹툰스토리창작포트폴리오,,전선1,전체,,3
07031-01,커뮤니티마케팅,,전선1,전체,,3
07032-01,콘텐츠기반스타트업사업계획서작성실습,,전선1,전체,,3
07033-01,콘텐츠트랜드&미디어커머스이론ㆍ실습,이종석,전선1,2,"화7~8(K254), 목7~8(K254)",3
04330-01,예술경영과기획의이해,김현주,자교,전체,목2~3(V112),2
06289-01,음악으로듣는문화와사회,한난이,중핵,3,화4~6(M301),3
00525-01,시창2,김호정,전기,1,화5(CH201),1
00527-01,시창4,김호정,전기,2,화6(CH201),1
00947-01,청음2,김유환,전기,1,월3(CH202),1
00947-02,청음2,김유환,전기,1,월5(CH202),1
00599-01,연주2,한옥미,전필1,2,금3~4(),1
06358-01,연주4,한옥미,전필1,3,금3~4(),0
06359-01,연주입문,한옥미,전필1,1,금3~4(),0
00682-01,음악사2,한난이,전필1,2,화7~9(),3
00804-01,전공실기1,,전필1,1,,1
00805-01,전공실기2,,전필1,1,,1
00806-01,전공실기3,,전필1,2,,1
00807-01,전공실기4,,전필1,2,,1
00808-01,전공실기5,,전필1,3,,1
00809-01,전공실기6,,전필1,3,,1
00810-01,전공실기7,,전필1,4,,1
04158-01,청음4,정재은,전필1,2,금5(CH201),1
04158-02,청음4,정재은,전필1,2,금6(CH201),1
04522-01,21C예술의이해와전망,최원석,전선1,3,수7~9(CH201),3
03308-01,건반악기실내악앙상블2,,전선1,3,목3~4(CH304),2
03454-01,건반화성및반주법2,조윤경,전선1,4,금5~7(CH104),3
03539-01,고급화성2,이시현,전선1,1,수6(CH201),1
00114-01,관현악법2,김수호,전선1,4,월6~8(CH203),3
00190-01,기초화성,이시현,전선1,1,수2~3(CH201),1
00190-02,기초화성,이시현,전선1,1,수4~5(CH201),1
05684-01,뉴미디어음악과공연예술캡스톤디자인2,박선미,전선1,4,목2~4(),3
00210-01,대위법2,이의진,전선1,2,화2~3(CH104),2
00284-01,바로크성악곡,장수민,전선1,3,수4(CH203),1
00338-01,불어딕션,이경호,전선1,2,화4(CH203),1
00477-01,성악문헌1,이일령,전선1,2,목3~4(CH203),2
00547-01,실내악앙상블2,김경희,전선1,3,수6~7(CH334),2
04162-01,악기론2,정재은,전선1,2,금1~2(CH201),1
00611-01,영미가곡,이일령,전선1,3,목2(CH203),1
04278-01,오르간문헌2,,전선1,3,수7~8(CH103),2
03540-01,오페라앙상블1,이승묵,전선1,2,목5(CH103),1
00655-01,오페라워크숍2,,전선1,3,월2~3(CH104),2
02304-01,오페라워크숍4,,전선1,4,월4~5(CH104),2
04879-01,음악교과교재연구및지도법,이재용,전선1,3,화4~6(CH104),3
03302-01,음악분석,임재의,전선1,3,화7~8(CH202),2
06183-01,지휘법,최종윤,전선1,4,화3~4(CH201),2
00961-01,클래스피아노2,,전선1,1,,1
00961-02,클래스피아노2,,전선1,1,,1
00961-03,클래스피아노2,,전선1,1,,1
00963-01,클래스피아노4,,전선1,2,,1
00963-02,클래스피아노4,,전선1,2,,1
00963-03,클래스피아노4,,전선1,2,,1
03809-01,피아노교수법2,,전선1,4,화4~5(CH103),2
00986-01,피아노문헌2,,전선1,3,수3~4(CH104),2
01107-01,합주2,안동호,전선1,1,"수4~5(), 목5~6()",1
01109-01,합주4,안동호,전선1,2,"수4~5(), 목5~6()",1
01111-01,합주6,안동호,전선1,3,"수4~5(), 목5~6()",1
01113-01,합주8,안동호,전선1,4,"수4~5(), 목5~6()",1
01115-01,합창2,박민식,전선1,1,월7~8(),1
01117-01,합창4,박민식,전선1,2,월7~8(),1
01119-01,합창6,박민식,전선1,3,월7~8(),1
06118-01,합창8,박민식,전선1,4,월7~8(),1
04160-01,현대음악2,임재의,전선1,3,화4~5(CH202),2
03311-01,현악합주2,이항석,전선1,3,금8~9(CH334),1
03313-01,현악합주4,이항석,전선1,4,금8~9(),1
00848-01,졸업연주,,졸업연주,전체,,0
00848-02,졸업연주,,졸업연주,전체,,0
00848-03,졸업연주,,졸업연주,전체,,0
00848-04,졸업연주,,졸업연주,전체,,0
06242-01,미디어와패션아이콘,조정미,중핵,전체,"화6(N301), 목5~6(N301)",3
06243-01,환경과패션,최예지,중핵,전체,수2~4(N412),3
00693-01,의복과인체,이경화,전기,전체,"월7(D702), 수6~7(D702)",3
00693-02,의복과인체,이경화,전기,전체,"수1(D702), 금1~2(D702)",3
00455-01,서양의복구성1,김수경,전필1,2,월5~8(D401),3
00455-02,서양의복구성1,김수경,전필1,2,수5~8(D401),3
05731-01,CAD패션디자인,김지은,전선1,3,월5~8(D304),3
05731-02,CAD패션디자인,"김지은, 박유정",전선1,3,화1~4(D304),3
03767-01,CAD패턴메이킹,유은주,전선1,4,목1~4(D304),3
05086-01,기초패션디자인,조정미,전선1,2,화1~4(D434),3
05086-02,기초패션디자인,조정미,전선1,2,수1~4(D434),3
05083-01,동양복식문화,김은정,전선1,2,목2~4(K234),3
00456-01,서양의복구성2,이경화,전선1,3,금4~7(D401),3
00456-02,서양의복구성2,최현옥,전선1,3,수1~4(D442),3
06807-01,스마트패션과테크놀로지,이혜원,전선1,3,"수6~7(D334), 금3(D334)",3
03761-01,의류소재과학,이혜원,전선1,2,"화6(N219), 목5~6(N219)",3
06528-01,의류학과진로탐색,"유희, 이혜원",전선1,1,월5~6(N113),1
06705-01,의류학현장실습Ⅰ,유희,전선1,4,,3
06706-01,의류학현장실습Ⅱ,유희,전선1,4,,3
06707-01,의류학현장실습Ⅲ,유희,전선1,4,,3
06708-01,의류학현장실습Ⅳ,유희,전선1,4,,3
06709-01,의류학현장실습Ⅴ,유희,전선1,4,,3
05813-01,이미지메이킹및코디네이션종합설계,유희,전선1,4,화5~8(D434),3
06710-01,패션디자인아카이브캡스톤디자인,조정미,전선1,3,목1~3(D434),3
05087-01,패션디자인프로세스,김수경,전선1,3,화5~8(D435),3
06136-01,패션마케팅과비즈니스모델,박선양,전선1,2,금5~7(D303),3
05092-01,패션바잉과머천다이징,유희,전선1,3,"월2~3(D434), 목4(D434)",3
05687-01,패션포트폴리오캡스톤디자인,김수경,전선1,4,목5~8(D435),3
05686-01,패턴메이킹캡스톤디자인,이경화,전선1,4,월1~4(D401),3
06449-01,일반생물학2,김상태,전기,전체,"화1~2(B351), 목2(B351)",3
06449-02,일반생물학2,황혜진,전기,전체,"월8~9(N301), 금7(N301)",3
06449-03,일반생물학2,임신원,전기,전체,"월6~7(NP117), 수5(NP117)",3
06413-01,과학철학과생명윤리,안지훈,전선1,1,목7~9(N320),3
07048-01,뇌과학,박대훈,전선1,4,"월8~9(D702), 수8(D702)",3
06537-01,동물발생학,김지훈,전선1,2,"월7(N311), 수6~7(N311)",3
06909-01,마이크로바이옴과질병,곽우리,전선1,4,"화2~3(M306), 목3(M306)",3
06897-01,분자모델링기반신약개발,김지훈,전선1,4,"수4~5(D702), 월6(D702)",3
06539-01,분자바이러스학,문성실,전선1,3,금1~3(N412),3
06470-01,산업인력양성프로그램,남재환,전선1,4,"월3(N320), 수2~3(N320)",3
06543-01,생화학2,박용일,전선1,2,"화6~7(N209), 목6(N209)",3
06472-01,세포기전학,남재환,전선1,2,"수8(B338), 월8~9(B338)",3
06548-01,유전학,황혜진,전선1,2,금2~4(N407),3
06965-01,의생명과학현장실습I,,전선1,4,,3
06966-01,의생명과학현장실습II,,전선1,4,,3
06967-01,의생명과학현장실습III,,전선1,4,,3
06968-01,의생명과학현장실습IV,,전선1,4,,3
06969-01,의생명과학현장실습V,,전선1,4,,3
06429-01,의학분자진단학,,전선1,3,월1~3(D702),3
06905-01,의학생리학,박대훈,전선1,3,"화7~8(D702), 목7(D702)",3
06551-01,일반생물학실험2,김상태,전선1,1,수6~7(D701),1
06900-01,전사체학,곽우리,전선1,3,"월4~5(M306), 금4(M306)",3
06552-01,종양학,윤현호,전선1,3,"화4~5(BA203), 목4(BA203)",3
06554-01,진화생물학,김상태,전선1,2,"화4~5(BA204), 목4(BA204)",3
06298-01,AI와함께살아가기,유은순,중핵,전체,월1~3(B352),3
06565-01,블록코딩과AI,,중핵,1,월1~3(M306),3
02922-05,컴퓨터와프로그래밍2,김기택,전기,전체,"화4~5(M304), 목4~5(M304)",3
02922-06,컴퓨터와프로그래밍2,권오형,전기,전체,"화5~6(M307), 목5~6(M307)",3
06511-01,머신러닝,정동화,전필1,2,"화2~3(B345), 목2~3(B345)",3
06771-01,선형대수,이민지,전필1,1,"월2~3(B351), 금3(B351)",3
06771-02,선형대수,정남규,전필1,1,월4~6(B352),3
06814-01,자료구조론,권오형,전필1,2,"화7~8(B345), 목7~8(B345)",3
06510-01,AI기초수학,정동화,전선1,1,"수8(B345), 월8~9(B345)",3
06510-02,AI기초수학,,전선1,1,"금7~8(B346), 월9(B346)",3
06835-01,강화학습1,장재연,전선1,3,"화7~8(B346), 목7(B346)",3
06474-01,계산뇌과학,이민지,전선1,3,"월1(B346), 금1~2(B346)",3
06838-01,그래프신경망,이오준,전선1,3,"화2~3(B346), 목3(B346)",3
06845-01,데이터베이스,최승호,전선1,2,월1~3(K239),3
06840-01,웹프로그래밍,윤준호,전선1,2,월4~6(B346),3
06846-01,음성인식및합성,,전선1,3,"월8(B346), 금5~6(B346)",3
06481-01,인공지능학캡스톤디자인2,"정동화, 이오준, 김강민, 장재연, 신유진, 이민지",전선1,3,"목8~9(B352), 화9(B352)",3
06483-01,인공지능학현장실습Ⅰ,"정동화, 이오준, 김강민, 장재연, 이민지, 신유진",전선1,3,,3
06484-01,인공지능학현장실습Ⅱ,"정동화, 이오준, 김강민, 장재연, 이민지, 신유진",전선1,3,,3
06485-01,인공지능학현장실습Ⅲ,"정동화, 이오준, 김강민, 장재연, 이민지, 신유진",전선1,3,,3
06486-01,인공지능학현장실습Ⅳ,"정동화, 이오준, 김강민, 장재연, 이민지, 신유진",전선1,3,,3
06487-01,인공지능학현장실습Ⅴ,"정동화, 이오준, 김강민, 장재연, 이민지, 신유진",전선1,3,,3
06488-01,자연어처리,김강민,전선1,3,"화5~6(B345), 목5~6(B345)",3
06815-01,컴퓨터구조론,이새봄,전선1,2,월7~9(B351),3
06843-01,컴퓨터비전,신유진,전선1,3,"월2~3(B345), 수2(B345)",3
00771-01,일어1,,자교,전체,,3
01199-01,일어2,강석우,자교,전체,"화4~5(V212), 목4(V212)",3
01199-02,일어2,이범석,자교,전체,"화4~5(N310), 목4(N310)",3
02792-01,일본어학입문,이범석,전기,전체,"화7(K106), 목6~7(K106)",3
02792-02,일본어학입문,,전기,전체,,3
05671-01,일본어학개론,이범석,전필1,3,"월4~5(M414), 금4(M414)",3
02689-01,무역일본어회화및작문2,장양광,전선1,4,"화6(K254), 목5~6(K254)",3
03590-01,시사일본어토론,장양광,전선1,3,"화4~5(BA304), 목4(BA304)",3
02679-01,일본사회와문화2,강석우,전선1,2,"화4(N413), 목2~3(N413)",3
06867-01,일본스토리텔링과창업전략,최창완,전선1,4,수6~8(BA202),3
04823-01,일본어교과교재연구및지도법,최창완,전선1,3,월6~8(N320),3
03588-01,일본인과의커뮤니케이션,김지은,전선1,4,수4~6(K342),3
05707-01,일본학세미나,강석우,전선1,3,"월6(N410), 수6~7(N410)",3
06593-01,일어일본문화현장실습Ⅰ,최창완,전선1,3,,3
06594-01,일어일본문화현장실습Ⅱ,최창완,전선1,3,,3
06595-01,일어일본문화현장실습Ⅲ,최창완,전선1,3,,3
06596-01,일어일본문화현장실습Ⅳ,최창완,전선1,3,,3
06597-01,일어일본문화현장실습Ⅴ,최창완,전선1,3,,3
02687-01,일어현대문법,최은희,전선1,3,수2~4(N414),3
03457-01,일한번역세미나,오경순,전선1,4,목7~9(K356),3
04338-01,중급일본어작문,장양광,전선1,2,"월7(K250), 수6~7(K250)",3
04338-02,중급일본어작문,성미강자,전선1,2,,3
04337-01,중급일본어회화,장양광,전선1,2,"월6(N310), 수4~5(N310)",3
03587-01,컴퓨터활용과일본어,구명회,전선1,2,월2~4(K338),3
02995-01,한일비교문학,이승진,전선1,4,금7~9(M305),3
03001-01,현대일본인의생활과일본대중문화,최창완,전선1,3,"화2~3(BA202), 목3(BA202)",3
04242-01,프로그래밍및실습2,바실리,전기,전체,"월6~7(M304), 수8~9(M304)",3
04242-02,프로그래밍및실습2,함채원,전기,전체,금1~4(M304),3
04242-03,프로그래밍및실습2,한병준,전기,전체,금5~8(K239),3
03268-01,객체지향프로그래밍기초,바실리,전선1,2,"화9(B338), 목8~9(B338)",3
03268-02,객체지향프로그래밍기초,함채원,전선1,2,금5~7(N308),3
03147-01,공학수학2,이창우,전선1,2,"화2~3(B338), 목3(B338)",3
03142-01,논리회로및실험,박태근,전선1,2,"월4~5(N211), 수4~5(N211)",3
03142-02,논리회로및실험,권순재,전선1,2,"월4~5(D303), 수4~5(D303)",3
04516-01,디지털VLSI설계,박태근,전선1,4,"화2~3(N414), 목3(N414)",3
03164-01,디지털신호처리,이창우,전선1,3,"월6(N407), 수4~5(N407)",3
04311-01,디지털통신,박소령,전선1,3,"화2~3(N209), 목3(N209)",3
03191-01,멀티미디어통신,이창우,전선1,4,"화6(D301), 목5~6(D301)",3
05806-01,모바일정보통신종합설계,권순재,전선1,3,"화7~8(N317), 목7(N317)",3
04084-01,무선통신시스템,최상호,전선1,4,"화7~8(K258), 목7(K258)",3
03390-01,반도체프로세스,권지석,전선1,3,"월4~5(M411), 금4(M411)",3
04863-01,보안시스템,바실리,전선1,4,"화4~5(N320), 목4(N320)",3
03145-01,신호및시스템,최상호,전선1,2,"월8~9(V313), 수1(V313)",3
03145-02,신호및시스템,박소령,전선1,2,"수2~3(BA204), 금3(BA204)",3
03146-01,전자회로1및실험,우두형,전선1,2,"월6~7(M414), 수6~7(M414)",3
03146-02,전자회로1및실험,우두형,전선1,2,"수8~9(N211), 금1~2(N211)",3
06691-01,정보통신전자공학현장실습Ⅰ,허광영,전선1,3,,3
06692-01,정보통신전자공학현장실습Ⅱ,허광영,전선1,3,,3
06693-01,정보통신전자공학현장실습Ⅲ,허광영,전선1,3,,3
06694-01,정보통신전자공학현장실습Ⅳ,허광영,전선1,3,,3
06695-01,정보통신전자공학현장실습Ⅴ,허광영,전선1,3,,3
06217-01,종합설계,권지석,전선1,4,"화9~10(N310), 수9~10(N310)",3
04864-01,초고주파공학,우두형,전선1,3,"월2~3(N411), 금3(N411)",3
03151-01,컴퓨터구조,박태근,전선1,3,"화6(N412), 목5~6(N412)",3
03907-01,컴퓨터네트워킹,정윤찬,전선1,3,목8~10(N412),3
03141-01,확률및통계,최상호,전선1,2,"화4~5(V313), 목4(V313)",3
03141-02,확률및통계,박소령,전선1,2,"화7~8(N112), 목7(N112)",3
06309-01,외국인을위한중한번역연습,이윤희,자교,전체,"수1(M301), 금1~2(M301)",3
01202-01,중어2,고재원,자교,전체,"월4~5(V213), 금4(V213)",3
05839-01,고급중국어회화,왕수,전선1,3,"월8~9(K248), 수8(K248)",3
06586-01,명언명구로배우는한문2,한혜경,전선1,2,"월8~9(M302), 수8(M302)",3
05962-01,시사중국어,이윤희,전선1,3,"화1(N119), 목1~2(N119)",3
06587-01,중국소설의세계,한혜경,전선1,3,"화6(B352), 목5~6(B352)",3
02831-01,중국시낭송,맹영한,전선1,2,"월4~5(K342), 금4(K342)",3
04043-01,중국어문법의이해,이현주,전선1,2,"화6(N414), 목5~6(N414)",3
05963-01,중국어읽기와문화,한혜경,전선1,3,"월6(M401), 수4~5(M401)",3
06514-01,중국언어문화학과진로탐색,"김의진, 한혜경, 이현주, 왕수",전선1,1,수9(N218),1
06588-01,중국언어문화학현장실습Ⅰ,김의진,전선1,3,,3
06589-01,중국언어문화학현장실습Ⅱ,김의진,전선1,3,,3
06590-01,중국언어문화학현장실습Ⅲ,김의진,전선1,3,,3
06591-01,중국언어문화학현장실습Ⅳ,김의진,전선1,3,,3
06592-01,중국언어문화학현장실습Ⅴ,김의진,전선1,3,,3
04429-01,중국지역문화특강,김진희,전선1,3,"수2~3(N415), 금3(N415)",3
04425-01,중국현대명문선독,김의진,전선1,3,"화4~5(N415), 목4(N415)",3
02833-01,중국현대문학과대중문화,김의진,전선1,4,"화7~8(N119), 목7(N119)",3
04419-01,중국현대문학의이해,김의진,전선1,2,"월7(M305), 수6~7(M305)",3
05837-01,중급중국어읽기,이현주,전선1,2,"월7(N307), 수6~7(N307)",3
06354-01,집중중국어2,이수영,전선1,2,"화2~3(B352), 목3(B352)",3
06354-02,집중중국어2,신주현,전선1,2,"수2~3(K243), 금3(K243)",3
05234-01,통상중국어,왕수,전선1,4,"월6(V213), 수4~5(V213)",3
00281-01,미학개론,이섭,자교,전체,화1~3(N307),3
04512-01,동양의지혜와윤리,박수지,중핵,전체,수6~8(N409),3
03843-01,동양철학의전통,김성희,중핵,전체,금6~8(N211),3
03842-01,서양철학의전통,박승찬,중핵,전체,"월6(N318), 수4~5(N318)",3
03844-01,신화와철학,김길수,중핵,전체,월5~7(N308),3
03844-02,신화와철학,홍진후,중핵,전체,월2~4(N308),3
03844-03,신화와철학,김선영,중핵,전체,금2~4(N308),3
06066-01,초보자를위한철학책읽기와토론,최민영,중핵,1,"화7~8(N311), 목7(N311)",3
04612-01,"학문,인간,윤리",윤단비,중핵,전체,목6~8(V313),3
04511-01,현대사회와윤리적문제들,김진아,중핵,전체,목2~4(N412),3
01630-01,철학의흐름,김길수,전기,전체,월1~3(N208),3
06859-01,노장철학,백민정,전선1,4,"화7(M302), 목7~8(M302)",3
03499-01,논리적분석과응용,김광식,전선1,2,수7~9(K254),3
03504-01,도(道)와로고스,김성희,전선1,2,금2~4(M410),3
06857-01,서양철학명저산책,전석빈,전선1,3,"화9(M305), 목8~9(M305)",3
03501-01,심리와감성,,전선1,4,목4~6(N112),3
03510-01,앎과진리,임경헌,전선1,2,월1~3(N307),3
01463-01,역사철학,임경헌,전선1,4,수2~4(N113),3
03508-01,윤리적사고와응용,홍진후,전선1,4,월7~9(K247),3
01457-01,중세철학사,박승찬,전선1,2,"월7(K243), 수6~7(K243)",3
04873-01,철학교재연구및지도법,윤단비,전선1,3,금5~7(M406),3
05051-01,철학기초문헌연습,박수지,전선1,2,수2~4(K258),3
06856-01,철학의쟁점들과철학적글쓰기,김진아,전선1,4,화2~4(N119),3
02793-01,플라톤철학,최민영,전선1,2,"화9(N112), 목8~9(N112)",3
01084-01,한국철학,백민정,전선1,3,"화4~5(V111), 목4(V111)",3
01462-01,현대철학사,신승환,전선1,3,"화6(M211), 목5~6(M211)",3
01460-01,형이상학,신승환,전선1,3,"금5~6(M301), 월8(M301)",3
05762-01,NCS직업기초역량실무,허광영,자교,전체,"화7~8(D236), 목7(D236)",3
04629-01,성공취업전략,조형래,자교,4,수2~3(N312),2
04115-01,자기개발과진로선택,조형래,자교,전체,목2~3(N318),2
05777-01,직무교육개론,허광영,자교,전체,"화2~3(M302), 목3(M302)",3
05777-02,직무교육개론,허광영,자교,전체,"월6(N319), 수4~5(N319)",3
06452-01,취업정보분석과취업전략수립,조재한,자교,전체,화7~9(N320),3
04116-01,취업준비와사회진출,임현선,자교,전체,화7~8(N211),2
06347-01,퍼스널브랜딩과성공취업,유희,자교,전체,"화2~3(N211), 목3(N211)",3
06566-01,핵심취업전략,조형래,자교,4,,1
06499-01,현장실습10,,자교,3,,3
06500-01,현장실습6,,자교,3,,3
06501-01,현장실습7,,자교,3,,3
06502-01,현장실습8,,자교,3,,3
06503-01,현장실습9,,자교,3,,3
06175-01,생애진로와커리어디자인,조형래,기교,1,,1
06313-01,기업가정신과기술창업,채지희,중핵,2,"수2~3(N410), 금1(N410)",3
06314-01,미래를여는소셜이노베이션,조영정,중핵,2,월1~3(V313),3
06767-01,사회혁신과체인지메이커,조영정,중핵,2,수1~3(D236),3
06489-01,현장실습1,,전선1,3,,3
06490-01,현장실습2,,전선1,3,,3
06491-01,현장실습3,,전선1,3,,3
06492-01,현장실습4,,전선1,3,,3
06493-01,현장실습5,,전선1,3,,3
03852-01,사이버스페이스의정보윤리,박헌우,중핵,전체,"화2~3(M414), 목3(M414)",3
03852-02,사이버스페이스의정보윤리,박헌우,중핵,전체,"화1(M414), 금1~2(M414)",3
03852-03,사이버스페이스의정보윤리,장재경,중핵,전체,화5~7(M414),3
06308-01,코딩과알고리즘,이지윤,중핵,전체,화1~4(D405),3
02922-01,컴퓨터와프로그래밍2,한미현,전기,전체,수5~8(D409),3
02922-02,컴퓨터와프로그래밍2,홍영진,전기,전체,금5~8(M306),3
02922-03,컴퓨터와프로그래밍2,장재경,전기,전체,화1~4(D409),3
02922-04,컴퓨터와프로그래밍2,양문자,전기,전체,수4~7(M304),3
04578-01,객체지향프로그래밍설계,양문자,전선1,2,수1~3(D404),3
04572-01,논리회로및설계,,전선1,2,"수6~7(D405), 월6~7(D405)",3
04572-02,논리회로및설계,한미현,전선1,2,수1~4(K360),3
04082-01,데이터마이닝,노상욱,전선1,4,"화4~5(B338), 목4(B338)",3
04575-01,데이터베이스설계,황병연,전선1,3,"화2~3(BA203), 목2~3(BA203)",3
04575-02,데이터베이스설계,황병연,전선1,3,"목7~8(N308), 화7~8(N308)",3
03144-01,문제해결기법,박정흠,전선1,2,"화2~3(D301), 목3(D301)",3
04571-01,시스템소프트웨어실습,김백현,전선1,2,월6~9(D409),3
04571-02,시스템소프트웨어실습,김백현,전선1,2,금7~10(D409),3
03157-01,오토마타,박정흠,전선1,3,"화6(N110), 목5~6(N110)",3
03903-01,웹프로그래밍,홍영진,전선1,2,금1~4(D404),3
03133-01,이산수학,남궁정일,전선1,2,월1~3(N412),3
03133-02,이산수학,남궁정일,전선1,2,화1~3(K107),3
05730-01,임베디드및모바일기술과비즈니스모델,서효중,전선1,4,"월6(V313), 수4~5(V313)",3
03267-01,자료구조기초,황병연,전선1,2,"월4~5(N312), 금5~6(N312)",3
03267-02,자료구조기초,,전선1,2,"월4~5(N317), 금5~6(N317)",3
05180-01,종합설계프로젝트2,서효중,전선1,4,"월4~5(V112), 금4(V112)",3
03151-02,컴퓨터구조,서효중,전선1,3,"월7(N406), 수6~7(N406)",3
03151-03,컴퓨터구조,김의찬,전선1,3,목4~6(V112),3
03187-01,컴퓨터네트워크,김유중,전선1,3,"월10(N208), 수9~10(N208)",3
06679-01,컴퓨터정보공학현장실습Ⅰ,,전선1,4,,3
06680-01,컴퓨터정보공학현장실습Ⅱ,,전선1,4,,3
06681-01,컴퓨터정보공학현장실습Ⅲ,,전선1,4,,3
06682-01,컴퓨터정보공학현장실습Ⅳ,,전선1,4,,3
06683-01,컴퓨터정보공학현장실습Ⅴ,,전선1,4,,3
03184-01,프로그래밍언어론,김의찬,전선1,3,목1~3(D409),3
03141-03,확률및통계,김유중,전선1,2,"화7~8(N409), 목7(N409)",3
03141-04,확률및통계,박헌우,전선1,2,"화6(N409), 목1~2(N409)",3
06877-01,예술·체육교과교육론,한송이,전선1,3,월10~12(M402),3
04834-01,장애학생통합교육론,김경선,전선1,1,목10~12(M413),3
06599-01,재활사례관리,김민,전선1,2,월6(M413),1
06602-01,재활의학,김시현,전선1,2,목6~8(N211),3
06600-01,재활정책론,김민,전선1,2,월7(M413),1
04286-01,재활행정및정책,우주형,전선1,3,수6~8(M413),3
02723-01,전환교육,이현주,전선1,2,"화5~6(M413), 목3(M413)",3
06047-01,정서·행동장애학생교육,이상훈,전선1,3,"월1(M413), 수1~2(M413)",3
06039-01,지적장애학생교육,박희찬,전선1,1,"월2(M413), 화1~2(M413)",3
05061-01,직업교육과재활연구,최국환,전선1,4,"화2~3(N321), 목3(N321)",3
04837-01,직업교육교과교재연구및지도법,"한세진, 김라경",전선1,3,화9~11(M413),3
06601-01,직업상담,김민,전선1,2,월8(M413),1
02721-01,직업재활상담,이상훈,전선1,2,"화1~2(M211), 목1(M211)",3
04839-01,직업평가,최국환,전선1,3,"월3(M413), 금1~2(M413)",3
06046-01,청각장애학생교육,이현주,전선1,4,"월5~7(N321), 수5~7(N321)",3
04052-01,특수교육과재활실습,이현주,전선1,1,"화7(M413), 목6~7(M413)",3
04287-01,특수교육재활공학,김창배,전선1,4,목5~7(N410),3
03365-01,프랑스어1,,자교,전체,"화1(K356), 목1~2(K356)",3
03366-01,프랑스어2,박우성,자교,전체,"화8(N219), 목8~9(N219)",3
05984-01,프랑스언어와문화입문,최윤주,전기,전체,"월7(N309), 수6~7(N309)",3
03339-01,프랑스어문법2,박우성,전필1,2,"화4~5(M212), 목4(M212)",3
03341-01,프랑스어연습,방미경,전필1,1,"월8(N112), 금5~6(N112)",3
05961-01,세계속의프랑코포니,파트릭 쥬레,전선1,4,"월7(N112), 수6~7(N112)",3
03340-01,시청각프랑스어2,파트릭 쥬레,전선1,2,"월6(K243), 수4~5(K243)",3
04521-01,프랑스문학과인간의이해,방미경,전선1,3,"화4~5(D234), 목4(D234)",3
05959-01,프랑스사회와일상,방미경,전선1,2,"월4~5(N414), 금4(N414)",3
03338-01,프랑스시와샹송,최윤주,전선1,2,"월8~9(N415), 수8(N415)",3
06960-01,프랑스어문화학현장실습Ⅰ,방미경,전선1,3,,3
06961-01,프랑스어문화학현장실습Ⅱ,방미경,전선1,3,,3
06962-01,프랑스어문화학현장실습Ⅲ,방미경,전선1,3,,3
06963-01,프랑스어문화학현장실습Ⅳ,방미경,전선1,3,,3
06964-01,프랑스어문화학현장실습Ⅴ,방미경,전선1,3,,3
03350-01,프랑스어작문2,파트릭 쥬레,전선1,3,"화7~8(N309), 목7(N309)",3
03351-01,프랑스어회화2,파트릭 쥬레,전선1,3,"화2~3(N320), 목3(N320)",3
03357-01,현대프랑스의이해,파트릭 쥬레,전선1,3,"화6(K258), 목5~6(K258)",3
06779-01,4차산업혁명시대리더십,김종문,자교,전체,월9~11(M410),3
06454-01,Self-making Job Portfolio 1,서한석,자교,전체,,1
06455-01,Self-making Job Portfolio 2,서한석,자교,전체,,1
06456-01,Self-making Job Portfolio 3,서한석,자교,전체,,1
06457-01,Self-making Job Portfolio 4,서한석,자교,전체,,1
06458-01,Self-making Job Portfolio 5,서한석,자교,전체,,1
06459-01,Self-making Job Portfolio 6,서한석,자교,전체,,1
03828-01,골프,이문진,자교,전체,수5~6(테니스장),2
06778-01,미·중갈등과한반도안보,김종문,자교,전체,금9~11(M302),3
06785-01,웨이트트레이닝,권석현,자교,전체,화2~3(헬스장),2
06785-02,웨이트트레이닝,권석현,자교,전체,목2~3(헬스장),2
03823-01,테니스(초급),이문진,자교,전체,수3~4(테니스장),2
06509-01,풋살,박승일,자교,전체,화6~7(체육관),2
06509-02,풋살,박승일,자교,전체,화8~9(체육관),2
06777-01,현대전쟁과군사이론,김종문,자교,전체,금2~3(M107),2
06280-01,그리스도교사상과문화,정태영,기교,2,월4~5(M407),2
06280-02,그리스도교사상과문화,박재득,기교,2,화4~5(M402),2
06280-03,그리스도교사상과문화,안수배,기교,2,화4~5(M403),2
06280-04,그리스도교사상과문화,임시백,기교,2,화6~7(M402),2
06280-05,그리스도교사상과문화,김윤욱,기교,2,화6~7(M403),2
06280-06,그리스도교사상과문화,임민균,기교,2,수6~7(K234),2
06280-07,그리스도교사상과문화,김윤욱,기교,2,수6~7(M403),2
06280-08,그리스도교사상과문화,임시백,기교,2,수6~7(M405),2
06280-09,그리스도교사상과문화,서한석,기교,2,목5~6(M402),2
06280-10,그리스도교사상과문화,손경락,기교,2,목5~6(M403),2
06280-11,그리스도교사상과문화,안수배,기교,2,목5~6(M405),2
06280-12,그리스도교사상과문화,김남희,기교,2,목5~6(M406),2
06280-13,그리스도교사상과문화,임시백,기교,2,목8~9(M402),2
06280-81,그리스도교사상과문화,신의선,기교,2,금3~4(M406),2
06280-82,그리스도교사상과문화,신의선,기교,2,금5~6(M402),2
06022-81,사랑나누기,최복희,기교,2,화8~9(M213),2
06022-A0,사랑나누기,임시백,기교,2,월2~3(M011),2
06022-B0,사랑나누기,이상민,기교,2,월4~5(M011),2
06022-C0,사랑나누기,백소연,기교,2,화2~3(M011),2
06022-D0,사랑나누기,조윤아,기교,2,수6~7(M011),2
06022-E0,사랑나누기,곽내진,기교,2,수8~9(M011),2
06022-F0,사랑나누기,정은기,기교,2,목2~3(M011),2
06022-G0,사랑나누기,최선경,기교,2,목5~6(M011),2
06022-H0,사랑나누기,곽내진,기교,2,금3~4(M011),2
06022-I0,사랑나누기,김윤욱,기교,2,금5~6(N320),2
00732-81,인간학1,최복희,기교,1,수4~5(M213),2
00732-82,인간학1,최복희,기교,1,수6~7(M213),2
00732-83,인간학1,최복희,기교,1,목8~9(M213),2
01673-02,인간학2,최선경,기교,1,월2~3(M402),2
01673-03,인간학2,이원봉,기교,1,월2~3(M403),2
01673-04,인간학2,,기교,1,월2~3(M405),2
01673-05,인간학2,최선경,기교,1,월4~5(M402),2
01673-06,인간학2,이원봉,기교,1,월4~5(M403),2
01673-07,인간학2,정은기,기교,1,월4~5(M405),2
01673-08,인간학2,,기교,1,월4~5(M406),2
01673-09,인간학2,김남희,기교,1,화2~3(M402),2
01673-10,인간학2,김윤욱,기교,1,화2~3(M403),2
01673-11,인간학2,정은기,기교,1,화2~3(M405),2
01673-12,인간학2,임시백,기교,1,화2~3(M406),2
01673-13,인간학2,김남희,기교,1,화8~9(M402),2
01673-14,인간학2,조윤아,기교,1,화8~9(M403),2
01673-15,인간학2,곽내진,기교,1,화8~9(M405),2
01673-16,인간학2,손경락,기교,1,수2~3(M402),2
01673-17,인간학2,김윤욱,기교,1,수2~3(M403),2
01673-18,인간학2,,기교,1,수2~3(M405),2
01673-19,인간학2,,기교,1,수2~3(M406),2
01673-20,인간학2,손경락,기교,1,수4~5(M402),2
01673-21,인간학2,,기교,1,수4~5(M403),2
01673-22,인간학2,백소연,기교,1,수4~5(M405),2
01673-23,인간학2,임시백,기교,1,수4~5(M406),2
01673-24,인간학2,김남희,기교,1,목2~3(M402),2
01673-25,인간학2,김윤욱,기교,1,목2~3(M403),2
01673-26,인간학2,,기교,1,목2~3(M405),2
01673-27,인간학2,임시백,기교,1,목2~3(M406),2
01673-28,인간학2,손경락,기교,1,금3~4(M402),2
01673-29,인간학2,김남희,기교,1,금3~4(M403),2
01673-30,인간학2,김윤욱,기교,1,금3~4(M405),2
01673-81,인간학2,신의선,기교,1,수8~9(M402),2
01673-82,인간학2,최복희,기교,1,수8~9(M403),2
06447-01,키스톤디자인·인문창의,하병학,기교,1,월4~5(M410),2
06447-81,키스톤디자인·인문창의,신의선,기교,1,수2~3(M411),2
06447-82,키스톤디자인·인문창의,신의선,기교,1,수4~5(M411),2
06447-83,키스톤디자인·인문창의,신의선,기교,1,목8~9(M411),2
06169-01,키스톤디자인ㆍ창의설계,하병학,기교,1,화2~3(M407),2
06169-02,키스톤디자인ㆍ창의설계,하병학,기교,1,화8~9(M407),2
06169-03,키스톤디자인ㆍ창의설계,하병학,기교,1,수2~3(M407),2
06169-04,키스톤디자인ㆍ창의설계,하병학,기교,1,목5~6(M407),2
06169-31,키스톤디자인ㆍ창의설계,조윤아,기교,1,월2~3(M406),2
06169-32,키스톤디자인ㆍ창의설계,조윤아,기교,1,월2~3(),2
06169-41,키스톤디자인ㆍ창의설계,정은기,기교,1,월2~3(M407),2
06169-42,키스톤디자인ㆍ창의설계,정은기,기교,1,월2~3(),2
06169-51,키스톤디자인ㆍ창의설계,백소연,기교,1,월2~3(M410),2
06169-52,키스톤디자인ㆍ창의설계,백소연,기교,1,월2~3(),2
06169-81,키스톤디자인ㆍ창의설계,최복희,기교,1,화4~5(M405),2
06169-82,키스톤디자인ㆍ창의설계,최복희,기교,1,목5~6(M410),2
06169-A1,키스톤디자인ㆍ창의설계,곽내진,기교,1,월2~3(M212),2
06169-A2,키스톤디자인ㆍ창의설계,곽내진,기교,1,월2~3(),2
06169-B1,키스톤디자인ㆍ창의설계,장서란,기교,1,월2~3(N112),2
06169-B2,키스톤디자인ㆍ창의설계,장서란,기교,1,월2~3(),2
06169-C1,키스톤디자인ㆍ창의설계,방담이,기교,1,월4~5(N112),2
06169-C2,키스톤디자인ㆍ창의설계,방담이,기교,1,월4~5(),2
06169-D1,키스톤디자인ㆍ창의설계,조윤아,기교,1,월4~5(M305),2
06169-D2,키스톤디자인ㆍ창의설계,조윤아,기교,1,월4~5(),2
06169-E1,키스톤디자인ㆍ창의설계,장서란,기교,1,월4~5(M302),2
06169-E2,키스톤디자인ㆍ창의설계,장서란,기교,1,월4~5(),2
06169-F1,키스톤디자인ㆍ창의설계,최선경,기교,1,화2~3(M410),2
06169-F2,키스톤디자인ㆍ창의설계,최선경,기교,1,화2~3(),2
06169-G1,키스톤디자인ㆍ창의설계,곽내진,기교,1,화2~3(M305),2
06169-G2,키스톤디자인ㆍ창의설계,곽내진,기교,1,화2~3(),2
06169-H1,키스톤디자인ㆍ창의설계,이원봉,기교,1,화8~9(M406),2
06169-H2,키스톤디자인ㆍ창의설계,이원봉,기교,1,화8~9(),2
06169-I1,키스톤디자인ㆍ창의설계,정은기,기교,1,화8~9(M410),2
06169-I2,키스톤디자인ㆍ창의설계,정은기,기교,1,화8~9(),2
06169-J1,키스톤디자인ㆍ창의설계,방담이,기교,1,수2~3(M410),2
06169-J2,키스톤디자인ㆍ창의설계,방담이,기교,1,수2~3(),2
06169-K1,키스톤디자인ㆍ창의설계,조윤아,기교,1,수2~3(M305),2
06169-K2,키스톤디자인ㆍ창의설계,조윤아,기교,1,수2~3(),2
06169-L1,키스톤디자인ㆍ창의설계,백소연,기교,1,수2~3(M302),2
06169-L2,키스톤디자인ㆍ창의설계,백소연,기교,1,수2~3(),2
06169-M1,키스톤디자인ㆍ창의설계,최선경,기교,1,수4~5(M407),2
06169-M2,키스톤디자인ㆍ창의설계,최선경,기교,1,수4~5(),2
06169-N1,키스톤디자인ㆍ창의설계,이원봉,기교,1,수4~5(M410),2
06169-N2,키스톤디자인ㆍ창의설계,이원봉,기교,1,수4~5(),2
06169-O1,키스톤디자인ㆍ창의설계,정은기,기교,1,수4~5(M305),2
06169-O2,키스톤디자인ㆍ창의설계,정은기,기교,1,수4~5(),2
06169-P1,키스톤디자인ㆍ창의설계,곽내진,기교,1,수4~5(M302),2
06169-P2,키스톤디자인ㆍ창의설계,곽내진,기교,1,수4~5(),2
06169-Q1,키스톤디자인ㆍ창의설계,최선경,기교,1,수8~9(M405),2
06169-Q2,키스톤디자인ㆍ창의설계,최선경,기교,1,수8~9(),2
06169-R1,키스톤디자인ㆍ창의설계,방담이,기교,1,수8~9(M406),2
06169-R2,키스톤디자인ㆍ창의설계,방담이,기교,1,수8~9(),2
06169-S1,키스톤디자인ㆍ창의설계,이원봉,기교,1,수8~9(M407),2
06169-S2,키스톤디자인ㆍ창의설계,이원봉,기교,1,수8~9(),2
06169-T1,키스톤디자인ㆍ창의설계,최선경,기교,1,목2~3(M407),2
06169-T2,키스톤디자인ㆍ창의설계,최선경,기교,1,목2~3(),2
06169-U1,키스톤디자인ㆍ창의설계,백소연,기교,1,목2~3(M410),2
06169-U2,키스톤디자인ㆍ창의설계,백소연,기교,1,목2~3(),2
06169-V1,키스톤디자인ㆍ창의설계,조윤아,기교,1,목5~6(M212),2
06169-V2,키스톤디자인ㆍ창의설계,조윤아,기교,1,목5~6(),2
06169-W1,키스톤디자인ㆍ창의설계,정은기,기교,1,목5~6(M302),2
06169-W2,키스톤디자인ㆍ창의설계,정은기,기교,1,목5~6(),2
06169-X1,키스톤디자인ㆍ창의설계,백소연,기교,1,목5~6(M305),2
06169-X2,키스톤디자인ㆍ창의설계,백소연,기교,1,목5~6(),2
06169-Y1,키스톤디자인ㆍ창의설계,이원봉,기교,1,금3~4(M407),2
06169-Y2,키스톤디자인ㆍ창의설계,이원봉,기교,1,금3~4(),2
06169-Z1,키스톤디자인ㆍ창의설계,곽내진,기교,1,금5~6(M403),2
06169-Z2,키스톤디자인ㆍ창의설계,곽내진,기교,1,금5~6(),2
06822-01,Critical Reading Across the Disciplines,이진석,중핵,전체,"수4~5(M301), 금4(M301)",3
06795-01,Global Business and Legal Issues,이지나,중핵,전체,"목4(N308), 화4~5(N308)",3
06795-02,Global Business and Legal Issues,이지나,중핵,전체,"수5~6(N405), 월7(N405)",3
06820-01,Law and Neuroscience,이지나,중핵,1,"화7(M301), 목6~7(M301)",3
06789-01,Pronouncing English Like a Native Speaker,이진석,중핵,전체,"화1(N308), 목1~2(N308)",3
06821-01,Understanding K-Contents in Glocal Context,이진석,중핵,1,"화6(N308), 목5~6(N308)",3
06821-02,Understanding K-Contents in Glocal Context,이진석,중핵,1,"화9(N213), 목8~9(N213)",3
06328-01,과학기술시대의삶,김강배,중핵,전체,금2~4(N406),3
06783-01,데이터분석을위한R프로그래밍입문,최지인,중핵,전체,금2~4(M307),3
06297-01,디지털필름메이킹,이다혜,중핵,전체,화2~4(V112),3
06301-01,물질중독과인간행동,,중핵,전체,화5~7(N312),3
06504-01,바이러스전쟁,박미숙,중핵,전체,목5~7(N318),3
06302-01,발명과특허,노재일,중핵,전체,수6~8(N308),3
06784-01,빅데이터이해와활용,한영수,중핵,전체,목7~9(V111),3
06505-01,사용자경험디자인,기수아,중핵,전체,월7~9(N318),3
06303-01,시각예술여행,구계숙,중핵,전체,목6~8(V204),3
06324-01,우연의과학:통계학,안상선,중핵,전체,수7~9(N113),3
06304-01,윤리적AI로봇,정덕환,중핵,전체,목2~4(N411),3
06326-01,천문학의세계,지웅배,중핵,전체,금6~8(N405),3
06282-01,국방방호학,홍석수,자교,4,"화1~3(M107), 금6~8(M107)",3
06168-01,조직관리학,양동휘,자교,3,"월1~3(M107), 금6~8(M106)",3
06497-01,대학생활을위한한국어1,이미정,자교,전체,"화2~3(K257), 목3(K257)",3
06497-02,대학생활을위한한국어1,이미정,자교,전체,"화6(K257), 목5~6(K257)",3
06498-01,대학생활을위한한국어2,최재현,자교,전체,"화6(K269), 목5~6(N317)",3
06498-02,대학생활을위한한국어2,최재현,자교,전체,"화7~8(K262), 목7(N219)",3
06067-01,한국어매체읽기,정효민,중핵,전체,"월2~3(K257), 금3(K257)",3
06067-02,한국어매체읽기,정효민,중핵,전체,"월4~5(N219), 금4(N219)",3
06068-01,한국어의사소통기술,백윤진,중핵,전체,"월6(K257), 수4~5(K257)",3
06068-02,한국어의사소통기술,백윤진,중핵,전체,"월7(V313), 수6~7(V313)",3
06069-01,한국어학술작문,박혜란,중핵,전체,"화2~3(V313), 목3(V313)",3
06069-02,한국어학술작문,박혜란,중핵,전체,"화4~5(K106), 목4(K106)",3
06069-03,한국어학술작문,,중핵,전체,월1~3(N219),3
06069-04,한국어학술작문,권종분,중핵,전체,"금4(V204), 월4~5(V204)",3
06069-05,한국어학술작문,권종분,중핵,전체,"월8(V112), 금5~6(V112)",3
06250-01,전공입문한국어1,박지연,전기,전체,"월2~3(V112), 금3(V112)",3
06250-02,전공입문한국어1,박지연,전기,전체,"월4~5(V313), 금4(V313)",3
06250-03,전공입문한국어1,안혜진,전기,전체,"화2~3(D303), 목3(D303)",3
06250-04,전공입문한국어1,안혜진,전기,전체,"화4~5(K257), 목4(K257)",3
06250-05,전공입문한국어1,안혜진,전기,전체,"화6(K106), 목5~6(K260)",3
06251-01,전공입문한국어2,이효진,전기,전체,"월4~5(M211), 금4(M211)",3
06251-02,전공입문한국어2,이효진,전기,전체,"월2~3(M211), 금3(M211)",3
06251-03,전공입문한국어2,이수연,전기,전체,"화4~5(N219), 목4(N219)",3
06251-04,전공입문한국어2,박소연,전기,전체,"화2~3(N318), 목3(N307)",3
06251-05,전공입문한국어2,김원경,전기,전체,"화7(M407), 목7~8(M407)",3
06341-01,한국어교재,김원경,전선1,3,화8~10(N319),3
06141-01,한국어문법교육,명정희,전선1,3,월7~9(K254),3
06558-01,한국어발음교육,구민지,전선1,4,목8~10(K247),3
06142-01,한국어어휘교육,이수연,전선1,2,수7~9(K247),3
05889-01,공직사회에대한이해,주성돈,자교,전체,목5~7(V212),3
02187-01,행정학개론,김성찬,전기,전체,"월7(M410), 수6~7(M410)",3
03790-01,계량행정론,표선영,전선1,2,"월5(K338), 수4~5(K338)",3
01959-01,공기업론,박석희,전선1,2,"월8~9(M211), 수8(M211)",3
06370-01,과학기술정보정책,이선영,전선1,4,금5~7(N119),3
06149-01,문화정책,박광국,전선1,4,"화2~3(N113), 목3(N113)",3
06157-01,미디어정책,신현기,전선1,3,"화4~5(N307), 목4(N307)",3
03441-01,비교정부와정책,이종원,전선1,4,"화2~3(N415), 목3(N415)",3
06371-01,재난관리행정,표선영,전선1,4,"월3~4(N119), 수3(N119)",3
01951-01,재무행정론,김성찬,전선1,2,"화7~8(N113), 목7(N113)",3
04658-01,전략적기획론,신현기,전선1,3,"화7~8(K247), 목7(K247)",3
03261-01,정부와비정부기구,채원호,전선1,4,"월7(K246), 수6~7(K246)",3
05989-01,정책사례분석,이종원,전선1,3,"화6(N309), 목5~6(N309)",3
01939-01,정책학개론,박석희,전선1,2,"월6(N307), 수4~5(N307)",3
01954-01,지방행정론,채원호,전선1,3,"월6(N415), 수4~5(N415)",3
06155-01,행정과거시경제,김성찬,전선1,1,"화6(M410), 목8~9(M410)",3
03792-01,행정법2,김명수,전선1,2,수8~10(V204),3
05314-01,행정학캡스톤디자인,"표선영, 임현선",전선1,3,"월2(K244), 수1~2(K244)",3
06632-01,행정학현장실습Ⅰ,임현선,전선1,3,,3
06633-01,행정학현장실습Ⅱ,임현선,전선1,3,,3
06634-01,행정학현장실습Ⅲ,임현선,전선1,3,,3
06635-01,행정학현장실습Ⅳ,임현선,전선1,3,,3
06636-01,행정학현장실습Ⅴ,임현선,전선1,3,,3
03437-01,행정행태론,박광국,전선1,2,"월7(M407), 수6~7(M407)",3
06395-01,유기화학,강인남,전기,전체,"월8(M414), 금7~8(M414)",3
00765-01,일반화학및실험2,신유주,전기,전체,"화1~2(D601), 화3(M411), 목2~3(M411)",3
00765-02,일반화학및실험2,이상민,전기,전체,"월8~9(M411), 금7(M411), 금8~9(D601)",3
00765-03,일반화학및실험2,김중한,전기,전체,"월6~7(M411), 수5~6(D601), 수7(M411)",3
00765-04,일반화학및실험2,한동훈,전기,전체,"화2~3(M301), 목1~2(D601), 목3(M301)",3
03376-01,무기화학실험,신유주,전필1,3,수8~11(D608),2
03383-01,물리화학1,이종현,전필1,2,"월4~5(D301), 금4(D301)",3
03373-01,유기화학실험,이기연,전필1,2,화9~12(D606),2
00102-01,고분자화학,강인남,전선1,3,"금4(B351), 월4~5(B351)",3
06125-01,기기분석1,한동훈,전선1,3,"수4~5(N212), 월6(N212)",3
03386-01,무기화학2,신유주,전선1,3,"화6(N319), 목6~7(N319)",3
00267-01,물리화학3,김중한,전선1,3,"월8(K107), 금5~6(K107)",3
04560-01,반응속도론,이종현,전선1,4,"월7(D236), 수6~7(D236)",3
00440-01,생화학2,이상민,전선1,3,"화2~3(V111), 목3(V111)",3
05669-01,소재화학연구2,"이종현, 이상민, 김중한, 이기연, 한동훈",전선1,4,"목11~12(D301), 금11~12(D301)",2
05067-01,유기합성,이기연,전선1,3,"월7(K360), 수6~7(K360)",3
03381-01,유기화학2,이기연,전선1,2,"화7~8(V321), 목7(V321)",3
00669-01,유기화학4,강인남,전선1,4,"화6(NP105), 목5~6(NP105)",3
05670-01,전자재료화학,신유주,전선1,4,"수2~3(K246), 금3(K246)",3
01179-01,회계학원론,이세용,전기,전체,"월7(N110), 수6~7(N110)",3
01179-02,회계학원론,김범준,전기,전체,"월7(N209), 수6~7(N209)",3
01179-03,회계학원론,서동수,전기,전체,수1~3(N209),3
00111-01,관리회계,김범준,전필1,3,"월2~3(M414), 금3(M414)",3
00111-02,관리회계,이지연,전필1,3,목1~3(N213),3
00910-01,중급회계1,이세용,전필1,2,"화7~8(N412), 목7(N412)",3
00910-02,중급회계1,안성윤,전필1,2,"화1(N406), 목1~2(N406)",3
07047-01,AI와회계데이터분석,안성윤,전선1,4,"월2~3(N318), 금3(N318)",3
00097-01,고급회계,박희우,전선1,3,"월8~9(N405), 수8(N405)",3
06880-01,글로벌재무회계,오현진,전선1,2,"수2~3(N409), 금3(N409)",3
04537-01,금융상품회계,안성윤,전선1,2,"화2~3(V321), 목3(V321)",3
04537-02,금융상품회계,강소현,전선1,2,화6~8(N318),3
04652-01,법인세법,박희우,전선1,3,"월7(N412), 수6~7(N412)",3
06200-01,세무회계연습,박경득,전선1,3,금7~9(N411),3
05910-01,소득세법,박경득,전선1,2,금4~6(N208),3
04289-01,원가회계,강성조,전선1,2,금1~3(N311),3
05642-01,재무회계,신철,전선1,2,목4~6(N218),3
05642-02,재무회계,강소현,전선1,2,화2~4(K234),3
04654-01,전사적자원관리,오현진,전선1,3,"수8~9(M306), 금9(M306)",3
04291-01,조세법개론,신철,전선1,2,목7~9(D301),3
00911-01,중급회계2,이세용,전선1,2,"월8~9(M213), 수8(M213)",3
02134-01,회계정보시스템,손호철,전선1,4,목1~3(K239),3
06074-01,회계학캡스톤디자인2,김범준,전선1,4,"월4~5(B345), 금4(B345)",3
06611-01,회계학현장실습Ⅰ,,전선1,4,,3
06612-01,회계학현장실습Ⅱ,,전선1,4,,3
06613-01,회계학현장실습Ⅲ,,전선1,4,,3
06614-01,회계학현장실습Ⅳ,,전선1,4,,3
06615-01,회계학현장실습Ⅴ,,전선1,4,,3
06977-01,국제금융과개발도상국,설지인,전선1,3,월7~9(K256),3
06824-01,Global Consciousness through World Literature,박현주,중핵,전체,월4~6(N412),3
06818-01,Global Environmental Issues,김경우,중핵,1,금6~8(N311),3
06819-01,Global Health from Multidisciplinary Perspectives,김태응,중핵,1,금6~8(M213),3
06823-01,Navigating the International Business Environment,윤상미,중핵,전체,수7~9(N318),3
06249-01,캐릭터유니버스,위기훈,중핵,전체,금2~4(N319),3
05330-01,스토리텔링캡스톤디자인,위기훈,전선1,3,금6~8(),3
00525-02,시창2,,전기,1,화5(CH203),1
00527-02,시창4,,전기,2,화6(CH203),1
03454-02,건반화성및반주법2,손승혜,전선1,4,금5~7(CH103),3
07046-01,국어·사회교과교육론,박정식,전선1,2,월10~12(M413),3
